Random seed, 5
mode, epoch, average loss, defender utility, simulated defender utility
training, -1, 0.8258140291486468, -3.1589376960481914, 0.0
validating, -1, 0.8378862857818603, -3.180419445037842, 0.0
testing, -1, 0.8805564641952515, -3.416914939880371, 0.0
training, 0, 2.741771602630615, -4.957348196847098, 0.0
validating, 0, 2.714089202880859, -4.934921646118164, 0.0
testing, 0, 2.784923458099365, -5.072848510742188, 0.0
training, 1, 2.7375131607055665, -4.947988326208932, 0.0
validating, 1, 2.6978595733642576, -4.899677896499634, 0.0
testing, 1, 2.7672444343566895, -5.033730411529541, 0.0
training, 2, 2.657963671003069, -4.65798373903547, 0.0
validating, 2, 2.504010534286499, -3.9395776271820067, 0.0
testing, 2, 2.5574086189270018, -3.9189006686210632, 0.0
training, 3, 2.3741374560764856, -3.697699090412685, 0.0
validating, 3, 2.191380167007446, -3.625480365753174, 0.0
testing, 3, 2.2231014251708983, -3.701298463344574, 0.0
training, 4, 2.1160498006003245, -3.528894315447126, 0.0
validating, 4, 2.021184492111206, -3.5589339256286623, 0.0
testing, 4, 2.0496875762939455, -3.666563618183136, 0.0
training, 5, 2.024660389763968, -3.49001521723611, 0.0
validating, 5, 2.0348138332366945, -3.5491273164749146, 0.0
testing, 5, 2.0669776678085325, -3.67347115278244, 0.0
training, 6, 2.0541120324816022, -3.486640381813049, 0.0
validating, 6, 2.088433122634888, -3.5352257966995237, 0.0
testing, 6, 2.1258747816085815, -3.671535050868988, 0.0
training, 7, 2.067390162604196, -3.4834536586488998, 0.0
validating, 7, 2.04579381942749, -3.540643835067749, 0.0
testing, 7, 2.079816746711731, -3.670884609222412, 0.0
training, 8, 2.0423521518707277, -3.482559735434396, 0.0
validating, 8, 2.0558931827545166, -3.537516379356384, 0.0
testing, 8, 2.0907820224761964, -3.668783962726593, 0.0
training, 9, 2.0363083498818533, -3.483419404711042, 0.0
validating, 9, 2.0115447998046876, -3.5477718830108644, 0.0
testing, 9, 2.0417158126831056, -3.667636251449585, 0.0
training, 10, 2.006095164162772, -3.4846577780587333, 0.0
validating, 10, 2.006667470932007, -3.548196029663086, 0.0
testing, 10, 2.0361292362213135, -3.6653523087501525, 0.0
training, 11, 2.0104330744062153, -3.4816679988588604, 0.0
validating, 11, 2.015720272064209, -3.542826509475708, 0.0
testing, 11, 2.0470809936523438, -3.6644642829895018, 0.0
training, 12, 2.010745014463152, -3.47934319632394, 0.0
validating, 12, 2.0218077182769774, -3.5401349306106566, 0.0
testing, 12, 2.054164505004883, -3.6631962776184084, 0.0
training, 13, 2.0259709426334926, -3.475984355381557, 0.0
validating, 13, 2.0371994018554687, -3.53546724319458, 0.0
testing, 13, 2.071279001235962, -3.6601815819740295, 0.0
training, 14, 2.0343301773071287, -3.4737631968089513, 0.0
validating, 14, 2.02040433883667, -3.5378118753433228, 0.0
testing, 14, 2.0521124839782714, -3.66038099527359, 0.0
training, 15, 2.0077768666403633, -3.4749369621276855, 0.0
validating, 15, 2.021177864074707, -3.5368079662323, 0.0
testing, 15, 2.0525594472885134, -3.659665894508362, 0.0
training, 16, 2.0216657502310618, -3.4723522663116455, 0.0
validating, 16, 2.020294523239136, -3.536463713645935, 0.0
testing, 16, 2.05133957862854, -3.6592562317848207, 0.0
training, 17, 2.0063365050724573, -3.4773894548416138, 0.0
validating, 17, 2.017500638961792, -3.53701331615448, 0.0
testing, 17, 2.0486621141433714, -3.658477771282196, 0.0
training, 18, 2.007930258342198, -3.472869954790388, 0.0
validating, 18, 2.0167683601379394, -3.536838006973267, 0.0
testing, 18, 2.0478097677230833, -3.658427059650421, 0.0
training, 19, 2.0065150942121233, -3.472921010426113, 0.0
validating, 19, 2.016637754440308, -3.5369950771331786, 0.0
testing, 19, 2.047505760192871, -3.65825412273407, 0.0
training, 20, 2.0060016087123325, -3.472936132975987, 0.0
validating, 20, 2.0164130687713624, -3.5371264219284058, 0.0
testing, 20, 2.0469542503356934, -3.658035123348236, 0.0
training, 21, 2.00954783303397, -3.4720491920198713, 0.0
validating, 21, 2.025688982009888, -3.5347543001174926, 0.0
testing, 21, 2.057458019256592, -3.6571593165397642, 0.0
training, 22, 2.01348831312997, -3.4713760341916764, 0.0
validating, 22, 2.023783302307129, -3.5350770711898805, 0.0
testing, 22, 2.055428910255432, -3.656972682476044, 0.0
training, 23, 2.013937112263271, -3.471675569670541, 0.0
validating, 23, 2.0273554801940916, -3.5341126918792725, 0.0
testing, 23, 2.059221339225769, -3.656526255607605, 0.0
training, 24, 2.016286849975586, -3.4705386366162982, 0.0
validating, 24, 2.0294532775878906, -3.5336762428283692, 0.0
testing, 24, 2.061629581451416, -3.656201696395874, 0.0
training, 25, 2.02100727217538, -3.4699107578822543, 0.0
validating, 25, 2.0379337787628176, -3.5317554235458375, 0.0
testing, 25, 2.071144390106201, -3.655327081680298, 0.0
training, 26, 2.032041045597621, -3.4683468341827393, 0.0
validating, 26, 2.0598047733306886, -3.5276399850845337, 0.0
testing, 26, 2.0948827981948854, -3.6540117383003237, 0.0
training, 27, 2.0545428548540388, -3.4658892359052387, 0.0
validating, 27, 2.0800428867340086, -3.5249333143234254, 0.0
testing, 27, 2.1166210174560547, -3.6527514457702637, 0.0
training, 28, 2.07312513760158, -3.464735034533909, 0.0
validating, 28, 2.100398063659668, -3.5217084884643555, 0.0
testing, 28, 2.1382529497146607, -3.651776921749115, 0.0
training, 29, 2.086561720711844, -3.463247159549168, 0.0
validating, 29, 2.109077262878418, -3.520437479019165, 0.0
testing, 29, 2.147401809692383, -3.6513195633888245, 0.0
training, 30, 2.088970967701503, -3.4629387514931813, 0.0
validating, 30, 2.105024814605713, -3.520965886116028, 0.0
testing, 30, 2.143085741996765, -3.651047921180725, 0.0
training, 31, 2.088485138756888, -3.4627397741590227, 0.0
validating, 31, 2.103493356704712, -3.5211739778518676, 0.0
testing, 31, 2.1410857677459716, -3.6509933471679688, 0.0
training, 32, 2.082896171297346, -3.462928261075701, 0.0
validating, 32, 2.1047340393066407, -3.5204149961471556, 0.0
testing, 32, 2.1425353288650513, -3.6507393956184386, 0.0
training, 33, 2.093398598262242, -3.461657691001892, 0.0
validating, 33, 2.121909332275391, -3.518438196182251, 0.0
testing, 33, 2.1605589151382447, -3.6500504493713377, 0.0
training, 34, 2.1062814371926444, -3.4604358775275093, 0.0
validating, 34, 2.1399075984954834, -3.5156728982925416, 0.0
testing, 34, 2.1793565273284914, -3.6491958856582642, 0.0
training, 35, 2.129976735796247, -3.4590652840478078, 0.0
validating, 35, 2.166192626953125, -3.5124202966690063, 0.0
testing, 35, 2.2067266941070556, -3.6484094858169556, 0.0
training, 36, 2.1447684969220844, -3.458200114113944, 0.0
validating, 36, 2.1744564533233643, -3.511481523513794, 0.0
testing, 36, 2.2153403759002686, -3.647929811477661, 0.0
training, 37, 2.1590933867863247, -3.4570720979145597, 0.0
validating, 37, 2.1958811283111572, -3.5093081474304197, 0.0
testing, 37, 2.2376080751419067, -3.64700243473053, 0.0
training, 38, 2.1794047696249828, -3.4557493209838865, 0.0
validating, 38, 2.2146931171417235, -3.5072546005249023, 0.0
testing, 38, 2.257114863395691, -3.6461286306381226, 0.0
training, 39, 2.1948354176112583, -3.454905642781939, 0.0
validating, 39, 2.231498670578003, -3.5055655002593995, 0.0
testing, 39, 2.2744571924209596, -3.645674538612366, 0.0
training, 40, 2.193367460795811, -3.4548946516854424, 0.0
validating, 40, 2.2093708515167236, -3.5074381113052366, 0.0
testing, 40, 2.251525092124939, -3.6461751103401183, 0.0
training, 41, 2.182462215423584, -3.4551369632993425, 0.0
validating, 41, 2.2054975986480714, -3.5078926563262938, 0.0
testing, 41, 2.247560429573059, -3.6458147406578063, 0.0
training, 42, 2.1783171585627965, -3.4549351930618286, 0.0
validating, 42, 2.202515888214111, -3.5078304767608643, 0.0
testing, 42, 2.2444519281387327, -3.645475924015045, 0.0
training, 43, 2.175429139818464, -3.454660776683262, 0.0
validating, 43, 2.1998848915100098, -3.507874941825867, 0.0
testing, 43, 2.2417482852935793, -3.644955003261566, 0.0
training, 44, 2.171768351963588, -3.4543687445776805, 0.0
validating, 44, 2.1906955242156982, -3.5085652112960815, 0.0
testing, 44, 2.232189655303955, -3.644868862628937, 0.0
training, 45, 2.1660767555236817, -3.45446297781808, 0.0
validating, 45, 2.196770191192627, -3.507616424560547, 0.0
testing, 45, 2.2385313272476197, -3.6441161751747133, 0.0
training, 46, 2.165843643460955, -3.453942356790815, 0.0
validating, 46, 2.1878591537475587, -3.5084768772125243, 0.0
testing, 46, 2.229369592666626, -3.6437837362289427, 0.0
training, 47, 2.1671658175332205, -3.4530563490731376, 0.0
validating, 47, 2.2061334609985352, -3.5062894582748414, 0.0
testing, 47, 2.248430776596069, -3.642153763771057, 0.0
training, 48, 2.194018493379865, -3.4509894745690484, 0.0
validating, 48, 2.2306531429290772, -3.5038264751434327, 0.0
testing, 48, 2.273876905441284, -3.640255701541901, 0.0
training, 49, 2.2090235982622417, -3.449409188543047, 0.0
validating, 49, 2.2545845031738283, -3.5012583255767824, 0.0
testing, 49, 2.298475956916809, -3.639150023460388, 0.0
training, 50, 2.237357146399362, -3.4479075704302105, 0.0
validating, 50, 2.2841655254364013, -3.4981266498565673, 0.0
testing, 50, 2.3288968801498413, -3.6375260949134827, 0.0
Random seed, 9
mode, epoch, average loss, defender utility, simulated defender utility
training, -1, 0.9893825462886265, -3.263593830381121, 0.0
validating, -1, 0.9888748168945313, -2.9560622930526734, 0.0
testing, -1, 0.9888858556747436, -2.978046303987503, 0.0
training, 0, 2.6555147784096853, -4.332058535303388, 0.0
validating, 0, 2.683519220352173, -4.230912613868713, 0.0
testing, 0, 2.5920491456985473, -4.200802576541901, 0.0
training, 1, 2.651288366317749, -4.328823396137783, 0.0
validating, 1, 2.6727272510528564, -4.220235466957092, 0.0
testing, 1, 2.582186555862427, -4.191572082042694, 0.0
training, 2, 2.6300453186035155, -4.310219550132752, 0.0
validating, 2, 2.616309881210327, -4.166643357276916, 0.0
testing, 2, 2.5305702686309814, -4.1450253367424015, 0.0
training, 3, 2.608059787750244, -4.29515837941851, 0.0
validating, 3, 2.6755751609802245, -4.223051571846009, 0.0
testing, 3, 2.584867811203003, -4.194094264507294, 0.0
training, 4, 2.6399889741625104, -4.318772983551026, 0.0
validating, 4, 2.6500335216522215, -4.197525572776795, 0.0
testing, 4, 2.561717987060547, -4.172128438949585, 0.0
training, 5, 2.5942341191428047, -4.283794971874782, 0.0
validating, 5, 2.5588770389556883, -4.123213839530945, 0.0
testing, 5, 2.4785941362380983, -4.10923422574997, 0.0
training, 6, 2.471820538384574, -4.2077354192733765, 0.0
validating, 6, 2.348291110992432, -3.961874580383301, 0.0
testing, 6, 2.282549810409546, -3.980098211765289, 0.0
training, 7, 2.2171784469059537, -4.031113461085728, 0.0
validating, 7, 2.1009618282318114, -3.799851584434509, 0.0
testing, 7, 2.032706785202026, -3.842826282978058, 0.0
training, 8, 2.096993439538138, -4.037430787086487, 0.0
validating, 8, 2.0826783657073973, -3.8355363845825194, 0.0
testing, 8, 2.0078217506408693, -3.8955572724342344, 0.0
training, 9, 2.0939081123897005, -4.041372983796256, 0.0
validating, 9, 2.105621099472046, -3.792290735244751, 0.0
testing, 9, 2.0398566007614134, -3.8182883739471434, 0.0
training, 10, 2.144226871218, -3.9728444031306673, 0.0
validating, 10, 2.1517381191253664, -3.7836641550064085, 0.0
testing, 10, 2.088339328765869, -3.8104063153266905, 0.0
training, 11, 2.1474353449685233, -3.9701720373971123, 0.0
validating, 11, 2.1031842708587645, -3.793422532081604, 0.0
testing, 11, 2.037153935432434, -3.8010468602180483, 0.0
training, 12, 2.083676426751273, -4.003813219070435, 0.0
validating, 12, 2.0726452350616453, -3.8498510837554933, 0.0
testing, 12, 1.9965070247650147, -3.8866172552108766, 0.0
training, 13, 2.0715000561305454, -4.028511806896755, 0.0
validating, 13, 2.0733112335205077, -3.831786799430847, 0.0
testing, 13, 2.0016266345977782, -3.85075865983963, 0.0
training, 14, 2.0776518617357524, -3.996891713142395, 0.0
validating, 14, 2.089291477203369, -3.7981269359588623, 0.0
testing, 14, 2.023190975189209, -3.801295578479767, 0.0
training, 15, 2.1114946910313197, -3.9508342913218906, 0.0
validating, 15, 2.1227568626403808, -3.7733577728271483, 0.0
testing, 15, 2.0590671062469483, -3.78130567073822, 0.0
training, 16, 2.1369938237326487, -3.9465405430112566, 0.0
validating, 16, 2.115614318847656, -3.769983649253845, 0.0
testing, 16, 2.0514127254486083, -3.7747779726982116, 0.0
training, 17, 2.098061275482178, -3.9543346166610718, 0.0
validating, 17, 2.0561649799346924, -3.804813528060913, 0.0
testing, 17, 1.987532877922058, -3.8239410161972045, 0.0
training, 18, 2.0784631252288817, -3.9677897589547295, 0.0
validating, 18, 2.116887617111206, -3.7564204931259155, 0.0
testing, 18, 2.053738903999329, -3.7701804995536805, 0.0
training, 19, 2.1309007031576974, -3.936354453223092, 0.0
validating, 19, 2.1157588005065917, -3.751193881034851, 0.0
testing, 19, 2.052923655509949, -3.7649151206016542, 0.0
training, 20, 2.0953580720084055, -3.9312735046659197, 0.0
validating, 20, 2.0517818450927736, -3.7804250478744508, 0.0
testing, 20, 1.9876728534698487, -3.7812620878219603, 0.0
training, 21, 2.04198819569179, -3.9643844876970564, 0.0
validating, 21, 2.032654857635498, -3.8022281408309935, 0.0
testing, 21, 1.9665898561477662, -3.8114784955978394, 0.0
training, 22, 2.038735171726772, -3.9584263597215923, 0.0
validating, 22, 2.0316231727600096, -3.7881747007369997, 0.0
testing, 22, 1.9671197891235352, -3.7970537900924684, 0.0
training, 23, 2.051993465423584, -3.938688778877258, 0.0
validating, 23, 2.057855796813965, -3.750672173500061, 0.0
testing, 23, 1.9960614919662476, -3.751419961452484, 0.0
training, 24, 2.0597775323050365, -3.9204366854258947, 0.0
validating, 24, 2.032058095932007, -3.7674482345581053, 0.0
testing, 24, 1.9701932191848754, -3.7715439915657045, 0.0
training, 25, 2.0275477273123603, -3.9437526089804513, 0.0
validating, 25, 2.0114302158355715, -3.791942095756531, 0.0
testing, 25, 1.949487566947937, -3.7993372797966005, 0.0
training, 26, 2.0181934901646206, -3.9440157651901244, 0.0
validating, 26, 2.010049343109131, -3.7840404748916625, 0.0
testing, 26, 1.9497238397598267, -3.785464954376221, 0.0
training, 27, 2.020356743676322, -3.92786465712956, 0.0
validating, 27, 2.0245749950408936, -3.745127773284912, 0.0
testing, 27, 1.9658145427703857, -3.74722763299942, 0.0
training, 28, 2.052788393838065, -3.896709278651646, 0.0
validating, 28, 2.0612207889556884, -3.715572142601013, 0.0
testing, 28, 2.0026646852493286, -3.7186272859573366, 0.0
training, 29, 2.0848412036895754, -3.885286671774728, 0.0
validating, 29, 2.0699811935424806, -3.707792377471924, 0.0
testing, 29, 2.0119022369384765, -3.713023865222931, 0.0
training, 30, 2.071158238819667, -3.8769674505506244, 0.0
validating, 30, 2.0731647491455076, -3.70433189868927, 0.0
testing, 30, 2.016036629676819, -3.7085917711257936, 0.0
training, 31, 2.087286969593593, -3.8767438684191022, 0.0
validating, 31, 2.068083715438843, -3.696593475341797, 0.0
testing, 31, 2.011524963378906, -3.7024306058883667, 0.0
training, 32, 2.0371647221701488, -3.8632567882537843, 0.0
validating, 32, 1.982249879837036, -3.692865514755249, 0.0
testing, 32, 1.9313430786132812, -3.6963951587677, 0.0
training, 33, 2.017236661911011, -3.8541571719305856, 0.0
validating, 33, 2.0204952239990233, -3.6737579107284546, 0.0
testing, 33, 1.96821448802948, -3.6788097858428954, 0.0
training, 34, 2.032140452521188, -3.847862321989877, 0.0
validating, 34, 2.0129580020904543, -3.6658714532852175, 0.0
testing, 34, 1.9610631227493287, -3.671659159660339, 0.0
training, 35, 1.9852846009390694, -3.844096830912999, 0.0
validating, 35, 1.9275840759277343, -3.688214087486267, 0.0
testing, 35, 1.8814594507217408, -3.6979363560676575, 0.0
training, 36, 1.9228177070617676, -3.874490301949637, 0.0
validating, 36, 1.9049283981323242, -3.6943088293075563, 0.0
testing, 36, 1.8616326808929444, -3.70399934053421, 0.0
training, 37, 1.9488028935023716, -3.8410720314298357, 0.0
validating, 37, 1.984606647491455, -3.629146933555603, 0.0
testing, 37, 1.9363114833831787, -3.647527551651001, 0.0
training, 38, 2.025737919126238, -3.8341469798769268, 0.0
validating, 38, 1.9767687320709229, -3.6164453983306886, 0.0
testing, 38, 1.9292295932769776, -3.641365659236908, 0.0
training, 39, 1.9411756992340088, -3.8101845230375018, 0.0
validating, 39, 1.9211336135864259, -3.595049500465393, 0.0
testing, 39, 1.8782171726226806, -3.618291199207306, 0.0
training, 40, 1.9420101370130267, -3.801049624170576, 0.0
validating, 40, 1.8892980575561524, -3.5878109693527223, 0.0
testing, 40, 1.8491384267807007, -3.6110684514045714, 0.0
training, 41, 1.8805667536599295, -3.8003219195774625, 0.0
validating, 41, 1.8572767734527589, -3.5929437637329102, 0.0
testing, 41, 1.8211374759674073, -3.6122011661529543, 0.0
training, 42, 1.9289466040475027, -3.7900946038109917, 0.0
validating, 42, 1.9356261253356934, -3.57221097946167, 0.0
testing, 42, 1.8935122728347777, -3.613070559501648, 0.0
training, 43, 1.936377021244594, -3.7838026251111714, 0.0
validating, 43, 1.8621182918548584, -3.5525919675827025, 0.0
testing, 43, 1.8269160509109497, -3.581838238239288, 0.0
training, 44, 1.8316591671534947, -3.786842860494341, 0.0
validating, 44, 1.7862408638000489, -3.57581787109375, 0.0
testing, 44, 1.7588779926300049, -3.592962157726288, 0.0
training, 45, 1.8524206978934152, -3.7739361320223126, 0.0
validating, 45, 1.884394073486328, -3.5452337980270388, 0.0
testing, 45, 1.8462807178497314, -3.586466121673584, 0.0
training, 46, 1.9027542318616595, -3.76794866834368, 0.0
validating, 46, 1.8395708560943604, -3.527913975715637, 0.0
testing, 46, 1.8085049867630005, -3.5623637557029726, 0.0
training, 47, 1.8556384631565639, -3.740627132143293, 0.0
validating, 47, 1.8374796390533448, -3.530505061149597, 0.0
testing, 47, 1.8092584371566773, -3.554932105541229, 0.0
training, 48, 1.8299508299146379, -3.7358311210359845, 0.0
validating, 48, 1.7863534927368163, -3.515301513671875, 0.0
testing, 48, 1.7622258901596068, -3.5378901839256285, 0.0
training, 49, 1.8440327644348145, -3.7408669710159304, 0.0
validating, 49, 1.857248878479004, -3.538584995269775, 0.0
testing, 49, 1.8208200454711914, -3.5666526436805723, 0.0
training, 50, 1.87180906023298, -3.751663030896868, 0.0
validating, 50, 1.814861822128296, -3.524310088157654, 0.0
testing, 50, 1.7853570699691772, -3.54695463180542, 0.0
Random seed, 1
mode, epoch, average loss, defender utility, simulated defender utility
training, -1, 1.143142638887678, -2.731381130218506, 0.0
validating, -1, 1.2061266422271728, -2.920443606376648, 0.0
testing, -1, 1.1664303064346313, -2.7920021295547484, 0.0
training, 0, 2.9307654789515905, -3.543351343699864, 0.0
validating, 0, 3.010939931869507, -3.6531138896942137, 0.0
testing, 0, 2.9621574878692627, -3.5572781920433045, 0.0
training, 1, 2.9302716868264334, -3.543125537463597, 0.0
validating, 1, 3.0094771862030028, -3.6523643493652345, 0.0
testing, 1, 2.9609182834625245, -3.556642782688141, 0.0
training, 2, 2.9291606630597795, -3.5428227526800975, 0.0
validating, 2, 3.006345844268799, -3.6513997316360474, 0.0
testing, 2, 2.9584058284759522, -3.555908501148224, 0.0
training, 3, 2.9218560082571847, -3.540018650463649, 0.0
validating, 3, 2.9890791893005373, -3.645135521888733, 0.0
testing, 3, 2.9442991256713866, -3.5510775804519654, 0.0
training, 4, 2.892154175894601, -3.5292139734540666, 0.0
validating, 4, 2.9316232204437256, -3.6215586423873902, 0.0
testing, 4, 2.896623468399048, -3.531210160255432, 0.0
training, 5, 2.798863513129098, -3.488829629761832, 0.0
validating, 5, 2.7669697761535645, -3.550659251213074, 0.0
testing, 5, 2.7592045545578, -3.4712113738059998, 0.0
training, 6, 2.660398442404611, -3.4324236597333635, 0.0
validating, 6, 2.6415786266326906, -3.5031912088394166, 0.0
testing, 6, 2.651035714149475, -3.4298068404197695, 0.0
training, 7, 2.6145970685141426, -3.4049168688910347, 0.0
validating, 7, 2.6785930156707765, -3.497667980194092, 0.0
testing, 7, 2.67808883190155, -3.421204936504364, 0.0
training, 8, 2.583466386795044, -3.3860828944614956, 0.0
validating, 8, 2.5452882289886474, -3.4641786336898805, 0.0
testing, 8, 2.5638935804367065, -3.392756986618042, 0.0
training, 9, 2.5374461787087577, -3.3668857881001064, 0.0
validating, 9, 2.6682896614074707, -3.4876245260238647, 0.0
testing, 9, 2.6617587327957155, -3.4074379920959474, 0.0
training, 10, 2.6162024906703403, -3.387151656832014, 0.0
validating, 10, 2.6352399826049804, -3.475755548477173, 0.0
testing, 10, 2.629451584815979, -3.3935018301010134, 0.0
training, 11, 2.523671954018729, -3.351579226766314, 0.0
validating, 11, 2.495798921585083, -3.438359761238098, 0.0
testing, 11, 2.5097975015640257, -3.3613544583320616, 0.0
training, 12, 2.425339937210083, -3.3285357577460153, 0.0
validating, 12, 2.478880834579468, -3.432600402832031, 0.0
testing, 12, 2.4908705234527586, -3.3545451045036314, 0.0
training, 13, 2.4385248797280448, -3.3205276216779436, 0.0
validating, 13, 2.4897816658020018, -3.424652886390686, 0.0
testing, 13, 2.4926300048828125, -3.3401410460472105, 0.0
training, 14, 2.404445103236607, -3.303656816482544, 0.0
validating, 14, 2.3538232803344727, -3.3952574253082277, 0.0
testing, 14, 2.3687283515930178, -3.316990649700165, 0.0
training, 15, 2.2676513263157436, -3.2975188153130666, 0.0
validating, 15, 2.334214973449707, -3.3880749940872192, 0.0
testing, 15, 2.3440772533416747, -3.3029247999191282, 0.0
training, 16, 2.338600764955793, -3.2838239908218383, 0.0
validating, 16, 2.3649477481842043, -3.388063979148865, 0.0
testing, 16, 2.3674744367599487, -3.2994771361351014, 0.0
training, 17, 2.2929610865456715, -3.268926964487348, 0.0
validating, 17, 2.3148210048675537, -3.376107168197632, 0.0
testing, 17, 2.3184201955795287, -3.2862231373786925, 0.0
training, 18, 2.250159318106515, -3.2605740649359567, 0.0
validating, 18, 2.2900146484375, -3.3691679000854493, 0.0
testing, 18, 2.2935687780380247, -3.2804927229881287, 0.0
training, 19, 2.2372177600860597, -3.255502690587725, 0.0
validating, 19, 2.285571002960205, -3.3699717044830324, 0.0
testing, 19, 2.2830687761306763, -3.274322772026062, 0.0
training, 20, 2.213894305910383, -3.2524772099086214, 0.0
validating, 20, 2.2295501708984373, -3.355287289619446, 0.0
testing, 20, 2.2292860746383667, -3.2686440706253053, 0.0
training, 21, 2.159132480621338, -3.244368927819388, 0.0
validating, 21, 2.2005757331848144, -3.3540168046951293, 0.0
testing, 21, 2.193394589424133, -3.259176051616669, 0.0
training, 22, 2.1552705696650913, -3.241905403137207, 0.0
validating, 22, 2.256728744506836, -3.3806861639022827, 0.0
testing, 22, 2.22991087436676, -3.266760194301605, 0.0
training, 23, 2.172737033026559, -3.2444592203412737, 0.0
validating, 23, 2.227952814102173, -3.3674293518066407, 0.0
testing, 23, 2.2086852312088014, -3.2562350392341615, 0.0
training, 24, 2.158464288711548, -3.2377460207257953, 0.0
validating, 24, 2.184461498260498, -3.347269606590271, 0.0
testing, 24, 2.1777826070785524, -3.2552850604057313, 0.0
training, 25, 2.1266464233398437, -3.2385536296027047, 0.0
validating, 25, 2.2225783348083494, -3.356552743911743, 0.0
testing, 25, 2.209697437286377, -3.2569106578826905, 0.0
training, 26, 2.1963157790047783, -3.2423941850662232, 0.0
validating, 26, 2.285853958129883, -3.371921515464783, 0.0
testing, 26, 2.2661598443984987, -3.2642661571502685, 0.0
training, 27, 2.204304967607771, -3.243771862983704, 0.0
validating, 27, 2.2535978317260743, -3.3705710887908937, 0.0
testing, 27, 2.230472445487976, -3.2563396811485292, 0.0
training, 28, 2.1669760227203367, -3.237677196093968, 0.0
validating, 28, 2.254804563522339, -3.374957323074341, 0.0
testing, 28, 2.2265389919281007, -3.2584174633026124, 0.0
training, 29, 2.186372457231794, -3.241307316507612, 0.0
validating, 29, 2.2581305503845215, -3.3716302871704102, 0.0
testing, 29, 2.232468843460083, -3.2565460205078125, 0.0
training, 30, 2.162437091554914, -3.2359515939440047, 0.0
validating, 30, 2.2129563331604003, -3.355735969543457, 0.0
testing, 30, 2.1962167739868166, -3.2502965927124023, 0.0
training, 31, 2.1502884319850377, -3.233395760399955, 0.0
validating, 31, 2.18285927772522, -3.3425981283187864, 0.0
testing, 31, 2.1725452661514284, -3.2510727047920227, 0.0
training, 32, 2.0998909132821217, -3.232455110549927, 0.0
validating, 32, 2.1439099311828613, -3.33390793800354, 0.0
testing, 32, 2.1368656396865844, -3.245894455909729, 0.0
training, 33, 2.0954165049961637, -3.2270404066358296, 0.0
validating, 33, 2.160325288772583, -3.338928747177124, 0.0
testing, 33, 2.150974464416504, -3.2447164177894594, 0.0
training, 34, 2.1232372420174737, -3.2279163088117326, 0.0
validating, 34, 2.2025414943695067, -3.353550601005554, 0.0
testing, 34, 2.1880263805389406, -3.2488065123558045, 0.0
training, 35, 2.1444325651441303, -3.2295171533312117, 0.0
validating, 35, 2.2188172817230223, -3.3542449474334717, 0.0
testing, 35, 2.202300500869751, -3.2477683901786802, 0.0
training, 36, 2.177517489024571, -3.234459819112505, 0.0
validating, 36, 2.259260892868042, -3.358305811882019, 0.0
testing, 36, 2.2410011529922484, -3.255226397514343, 0.0
training, 37, 2.182967642375401, -3.2345615659441265, 0.0
validating, 37, 2.2254612922668455, -3.3501290798187258, 0.0
testing, 37, 2.2093933820724487, -3.2496057748794556, 0.0
training, 38, 2.10871216910226, -3.225771413530622, 0.0
validating, 38, 2.1097950458526613, -3.323790121078491, 0.0
testing, 38, 2.1026282787322996, -3.2382405757904054, 0.0
training, 39, 2.0565251554761614, -3.2191556998661586, 0.0
validating, 39, 2.146522808074951, -3.3313124656677244, 0.0
testing, 39, 2.1309879302978514, -3.2401167511940003, 0.0
training, 40, 2.0966114929744175, -3.2204087053026473, 0.0
validating, 40, 2.1812488555908205, -3.347042441368103, 0.0
testing, 40, 2.154157590866089, -3.236902153491974, 0.0
training, 41, 2.094930832726615, -3.2186326503753664, 0.0
validating, 41, 2.1608434677124024, -3.3397671937942506, 0.0
testing, 41, 2.134310269355774, -3.232947051525116, 0.0
training, 42, 2.0704754625047954, -3.2156958954674857, 0.0
validating, 42, 2.0802513122558595, -3.3193402528762816, 0.0
testing, 42, 2.0622803926467896, -3.2267368912696837, 0.0
training, 43, 2.0106394835880823, -3.2092415605272566, 0.0
validating, 43, 2.080043840408325, -3.3181384086608885, 0.0
testing, 43, 2.0584155797958372, -3.2246199250221252, 0.0
training, 44, 2.026562350136893, -3.208566999435425, 0.0
validating, 44, 2.115834903717041, -3.328775668144226, 0.0
testing, 44, 2.0814106464385986, -3.2270015716552733, 0.0
training, 45, 2.0380059787205287, -3.210967210360936, 0.0
validating, 45, 2.111743450164795, -3.3427391767501833, 0.0
testing, 45, 2.0707942962646486, -3.2317968130111696, 0.0
training, 46, 2.0757372038705006, -3.2204147679465156, 0.0
validating, 46, 2.176752233505249, -3.3459731101989747, 0.0
testing, 46, 2.129489779472351, -3.2313196897506713, 0.0
training, 47, 2.0761134692600796, -3.2173927545547487, 0.0
validating, 47, 2.1132413387298583, -3.3254104375839235, 0.0
testing, 47, 2.081744599342346, -3.2235652446746825, 0.0
training, 48, 2.011113602774484, -3.205206731387547, 0.0
validating, 48, 2.030289125442505, -3.3073067903518676, 0.0
testing, 48, 2.0112143039703367, -3.2202867388725283, 0.0
training, 49, 1.9556114605494908, -3.206010743549892, 0.0
validating, 49, 1.9906846046447755, -3.304040026664734, 0.0
testing, 49, 1.9739384651184082, -3.223984456062317, 0.0
training, 50, 1.9887917791094099, -3.206304141453334, 0.0
validating, 50, 2.097475862503052, -3.3164486408233644, 0.0
testing, 50, 2.064531397819519, -3.224950361251831, 0.0
Random seed, 7
mode, epoch, average loss, defender utility, simulated defender utility
training, -1, 1.3026342936924526, -4.426513290405273, 0.0
validating, -1, 1.3692737102508545, -4.511646413803101, 0.0
testing, -1, 1.2786545991897582, -4.5782828569412235, 0.0
training, 0, 2.9754500593457904, -5.371353932789394, 0.0
validating, 0, 3.125852918624878, -5.269941949844361, 0.0
testing, 0, 2.894521927833557, -5.443294954299927, 0.0
training, 1, 2.9753999369485036, -5.371400730950492, 0.0
validating, 1, 3.1258168697357176, -5.269857406616211, 0.0
testing, 1, 2.8943666934967043, -5.442985773086548, 0.0
training, 2, 2.97518572807312, -5.370908437456404, 0.0
validating, 2, 3.125800085067749, -5.269810962677002, 0.0
testing, 2, 2.8942813158035277, -5.442745208740234, 0.0
training, 3, 2.975005905968802, -5.370599937438965, 0.0
validating, 3, 3.125689458847046, -5.269530344009399, 0.0
testing, 3, 2.8937904596328736, -5.44153401851654, 0.0
training, 4, 2.9738157544817243, -5.368624421528407, 0.0
validating, 4, 3.125391435623169, -5.268907499313355, 0.0
testing, 4, 2.892502546310425, -5.439692234992981, 0.0
training, 5, 2.971827186856951, -5.365892471585955, 0.0
validating, 5, 3.1247600078582765, -5.267832088470459, 0.0
testing, 5, 2.8898505926132203, -5.435723423957825, 0.0
training, 6, 2.9686341558183944, -5.361808225086757, 0.0
validating, 6, 3.1235366344451903, -5.2662454605102536, 0.0
testing, 6, 2.885112237930298, -5.428014516830444, 0.0
training, 7, 2.960954121180943, -5.35183288029262, 0.0
validating, 7, 3.1208932399749756, -5.262686347961425, 0.0
testing, 7, 2.876366448402405, -5.414048600196838, 0.0
training, 8, 2.949571636744908, -5.3359142099108015, 0.0
validating, 8, 3.1191766262054443, -5.2599132537841795, 0.0
testing, 8, 2.87186713218689, -5.407916617393494, 0.0
training, 9, 2.9438085692269462, -5.326732512882778, 0.0
validating, 9, 3.116691160202026, -5.256531715393066, 0.0
testing, 9, 2.8675266981124876, -5.400108456611633, 0.0
training, 10, 2.9345245225088936, -5.3161108016967775, 0.0
validating, 10, 3.112215852737427, -5.249951648712158, 0.0
testing, 10, 2.8661483764648437, -5.388504004478454, 0.0
training, 11, 2.931047657557896, -5.3090206827436175, 0.0
validating, 11, 3.1111497402191164, -5.248852491378784, 0.0
testing, 11, 2.8673853874206543, -5.386926603317261, 0.0
training, 12, 2.9312034743172783, -5.305707270758493, 0.0
validating, 12, 3.1088653087615965, -5.246023082733155, 0.0
testing, 12, 2.873127484321594, -5.388601779937744, 0.0
training, 13, 2.937712172099522, -5.300635984965733, 0.0
validating, 13, 3.106840467453003, -5.241385364532471, 0.0
testing, 13, 2.890826606750488, -5.39017539024353, 0.0
training, 14, 2.9498716422489712, -5.300296592712402, 0.0
validating, 14, 3.1069093227386473, -5.239334583282471, 0.0
testing, 14, 2.9021467208862304, -5.389435982704162, 0.0
training, 15, 2.95585788999285, -5.301667349679129, 0.0
validating, 15, 3.1068726062774656, -5.239626693725586, 0.0
testing, 15, 2.900659418106079, -5.389328980445862, 0.0
training, 16, 2.952797201701573, -5.30133536202567, 0.0
validating, 16, 3.106799364089966, -5.2401446342468265, 0.0
testing, 16, 2.8973414421081545, -5.389823460578919, 0.0
training, 17, 2.95029330934797, -5.300032867704119, 0.0
validating, 17, 3.106796216964722, -5.240805625915527, 0.0
testing, 17, 2.8939738273620605, -5.389870762825012, 0.0
training, 18, 2.947822529929025, -5.300025578907558, 0.0
validating, 18, 3.1067822933197022, -5.240419721603393, 0.0
testing, 18, 2.8959207057952883, -5.389796876907349, 0.0
training, 19, 2.9540214061737062, -5.301325280325753, 0.0
validating, 19, 3.107751703262329, -5.237466049194336, 0.0
testing, 19, 2.9154725551605223, -5.388621711730957, 0.0
training, 20, 2.995861278261457, -5.310465472085135, 0.0
validating, 20, 3.1131245136260985, -5.235250759124756, 0.0
testing, 20, 2.9530789375305178, -5.38673243522644, 0.0
training, 21, 3.0286857196262904, -5.321749707630702, 0.0
validating, 21, 3.117988443374634, -5.235325288772583, 0.0
testing, 21, 2.9763976097106934, -5.385753536224366, 0.0
training, 22, 3.045323984963553, -5.325238248280116, 0.0
validating, 22, 3.1186523914337156, -5.235400199890137, 0.0
testing, 22, 2.9793701648712156, -5.385663342475891, 0.0
training, 23, 3.064203017098563, -5.327418422698974, 0.0
validating, 23, 3.125982427597046, -5.236522531509399, 0.0
testing, 23, 3.008483076095581, -5.384497666358948, 0.0
training, 24, 3.093866797855922, -5.328637204851423, 0.0
validating, 24, 3.1298666477203367, -5.237241315841675, 0.0
testing, 24, 3.0225414276123046, -5.3839455366134645, 0.0
training, 25, 3.1265081678118025, -5.3289029461996895, 0.0
validating, 25, 3.1359227657318116, -5.238516235351563, 0.0
testing, 25, 3.0433892250061034, -5.383231735229492, 0.0
training, 26, 3.139640883037022, -5.3285446507590155, 0.0
validating, 26, 3.139718008041382, -5.23953948020935, 0.0
testing, 26, 3.055859422683716, -5.382838129997253, 0.0
training, 27, 3.1744269234793525, -5.328314767565046, 0.0
validating, 27, 3.1501681804656982, -5.242948722839356, 0.0
testing, 27, 3.088785743713379, -5.381742238998413, 0.0
training, 28, 3.237564652306693, -5.328079904828753, 0.0
validating, 28, 3.173205327987671, -5.248593282699585, 0.0
testing, 28, 3.1566799163818358, -5.380423092842102, 0.0
training, 29, 3.3327825001307896, -5.327299846921648, 0.0
validating, 29, 3.190222883224487, -5.248454523086548, 0.0
testing, 29, 3.205093026161194, -5.379643893241882, 0.0
training, 30, 3.3787220069340296, -5.326365028108869, 0.0
validating, 30, 3.19968581199646, -5.248463916778564, 0.0
testing, 30, 3.231463980674744, -5.379266452789307, 0.0
training, 31, 3.428098624093192, -5.325879560198103, 0.0
validating, 31, 3.212083578109741, -5.248062229156494, 0.0
testing, 31, 3.2655554533004763, -5.378616189956665, 0.0
training, 32, 3.4537481239863803, -5.325623055866786, 0.0
validating, 32, 3.213161993026733, -5.2481482982635494, 0.0
testing, 32, 3.2683858633041383, -5.378730845451355, 0.0
training, 33, 3.4584105151040214, -5.3255659784589495, 0.0
validating, 33, 3.2140395641326904, -5.24811544418335, 0.0
testing, 33, 3.2707814455032347, -5.378679871559143, 0.0
training, 34, 3.4603810923440115, -5.325517518179757, 0.0
validating, 34, 3.2143441677093505, -5.248150300979614, 0.0
testing, 34, 3.2716037034988403, -5.3786866664886475, 0.0
training, 35, 3.460627555847168, -5.3255336965833395, 0.0
validating, 35, 3.214084577560425, -5.248162889480591, 0.0
testing, 35, 3.2708978414535523, -5.3786365509033205, 0.0
training, 36, 3.4599006380353656, -5.325570147378104, 0.0
validating, 36, 3.214084768295288, -5.248089456558228, 0.0
testing, 36, 3.2708908796310423, -5.37868344783783, 0.0
training, 37, 3.460160950251988, -5.325521693910871, 0.0
validating, 37, 3.2140939235687256, -5.248181247711182, 0.0
testing, 37, 3.2709015130996706, -5.3785991907119755, 0.0
training, 38, 3.460106386457171, -5.32554007257734, 0.0
validating, 38, 3.2141077518463135, -5.2481566905975345, 0.0
testing, 38, 3.2709915399551392, -5.378685712814331, 0.0
training, 39, 3.4604582922799247, -5.325500079563686, 0.0
validating, 39, 3.2142627239227295, -5.24816927909851, 0.0
testing, 39, 3.271420407295227, -5.378678035736084, 0.0
training, 40, 3.462385518210275, -5.3254731723240445, 0.0
validating, 40, 3.215265989303589, -5.248179388046265, 0.0
testing, 40, 3.2741656064987184, -5.3786145687103275, 0.0
training, 41, 3.4656630039215086, -5.325494888850621, 0.0
validating, 41, 3.2158584117889406, -5.248161172866821, 0.0
testing, 41, 3.2757644414901734, -5.378559994697571, 0.0
training, 42, 3.467518997192383, -5.325456435339792, 0.0
validating, 42, 3.2161048412323, -5.248166799545288, 0.0
testing, 42, 3.2764409303665163, -5.378516840934753, 0.0
training, 43, 3.4679280962262835, -5.325481809888568, 0.0
validating, 43, 3.216107416152954, -5.248207855224609, 0.0
testing, 43, 3.2764393091201782, -5.378605246543884, 0.0
training, 44, 3.46864515713283, -5.325448410851615, 0.0
validating, 44, 3.216453504562378, -5.248168516159057, 0.0
testing, 44, 3.2773624658584595, -5.378499531745911, 0.0
training, 45, 3.469473321097238, -5.325528035845076, 0.0
validating, 45, 3.21653265953064, -5.248125839233398, 0.0
testing, 45, 3.277590775489807, -5.378545117378235, 0.0
training, 46, 3.469728442600795, -5.325459017072405, 0.0
validating, 46, 3.2166451930999758, -5.2481122493743895, 0.0
testing, 46, 3.2779059648513793, -5.378587532043457, 0.0
training, 47, 3.470322806494577, -5.325483192716326, 0.0
validating, 47, 3.216864728927612, -5.248177194595337, 0.0
testing, 47, 3.278522992134094, -5.378603887557984, 0.0
training, 48, 3.471246249335153, -5.325397832053048, 0.0
validating, 48, 3.217025899887085, -5.2480950355529785, 0.0
testing, 48, 3.2789520978927613, -5.378534436225891, 0.0
training, 49, 3.471630437033517, -5.325416544505528, 0.0
validating, 49, 3.2170619487762453, -5.24815559387207, 0.0
testing, 49, 3.279056525230408, -5.378553032875061, 0.0
training, 50, 3.47168790272304, -5.325417947769165, 0.0
validating, 50, 3.2170764446258544, -5.248131370544433, 0.0
testing, 50, 3.2790866136550902, -5.378543591499328, 0.0
Random seed, 4
mode, epoch, average loss, defender utility, simulated defender utility
training, -1, 1.2718026569911411, -3.308349258559091, 0.0
validating, -1, 1.2199774742126466, -3.3003132343292236, 0.0
testing, -1, 1.2810853958129882, -3.3436463832855225, 0.0
training, 0, 3.6608649798801967, -4.421988555363247, 0.0
validating, 0, 3.553827667236328, -4.412703657150269, 0.0
testing, 0, 3.711739015579224, -4.351220321655274, 0.0
training, 1, 3.6608649798801967, -4.422201374598912, 0.0
validating, 1, 3.553827667236328, -4.412733125686645, 0.0
testing, 1, 3.711739015579224, -4.351225280761719, 0.0
training, 2, 3.6608649798801967, -4.4221560648509435, 0.0
validating, 2, 3.553827667236328, -4.412731552124024, 0.0
testing, 2, 3.711739015579224, -4.351194190979004, 0.0
training, 3, 3.6608649798801967, -4.422133622850691, 0.0
validating, 3, 3.553827667236328, -4.4127082347869875, 0.0
testing, 3, 3.7117390632629395, -4.351203894615173, 0.0
training, 4, 3.660864952632359, -4.422170656067984, 0.0
validating, 4, 3.553827667236328, -4.41271710395813, 0.0
testing, 4, 3.711739015579224, -4.351200771331787, 0.0
training, 5, 3.6608649935041155, -4.42212062563215, 0.0
validating, 5, 3.553827667236328, -4.412722063064575, 0.0
testing, 5, 3.711739015579224, -4.351209449768066, 0.0
training, 6, 3.6608649935041155, -4.4221719537462505, 0.0
validating, 6, 3.5538277626037598, -4.412698650360108, 0.0
testing, 6, 3.7117389678955077, -4.351183605194092, 0.0
training, 7, 3.6608649662562778, -4.422127512523106, 0.0
validating, 7, 3.553827667236328, -4.412749338150024, 0.0
testing, 7, 3.711739015579224, -4.351206946372986, 0.0
training, 8, 3.6608649935041155, -4.42222500528608, 0.0
validating, 8, 3.553827667236328, -4.41276364326477, 0.0
testing, 8, 3.711739015579224, -4.351207721233368, 0.0
training, 9, 3.6608649935041155, -4.422139004298619, 0.0
validating, 9, 3.553827667236328, -4.412739324569702, 0.0
testing, 9, 3.711739015579224, -4.351177644729614, 0.0
training, 10, 3.6608649935041155, -4.422108541216169, 0.0
validating, 10, 3.553827667236328, -4.412694978713989, 0.0
testing, 10, 3.711739015579224, -4.351202213764191, 0.0
training, 11, 3.6608649935041155, -4.422197740418571, 0.0
validating, 11, 3.553827667236328, -4.41273045539856, 0.0
testing, 11, 3.711739015579224, -4.351209044456482, 0.0
training, 12, 3.6608649935041155, -4.422174266406468, 0.0
validating, 12, 3.553827667236328, -4.412723112106323, 0.0
testing, 12, 3.711739015579224, -4.35119903087616, 0.0
training, 13, 3.6608649935041155, -4.422146419116429, 0.0
validating, 13, 3.553827667236328, -4.41268949508667, 0.0
testing, 13, 3.7117390632629395, -4.3511634349823, 0.0
training, 14, 3.6608650752476284, -4.422094420024327, 0.0
validating, 14, 3.553827667236328, -4.412737226486206, 0.0
testing, 14, 3.711739015579224, -4.351198399066925, 0.0
training, 15, 3.6608650479997906, -4.422264926774162, 0.0
validating, 15, 3.553827667236328, -4.412716054916382, 0.0
testing, 15, 3.711739015579224, -4.351198744773865, 0.0
training, 16, 3.6608649798801967, -4.422154542378017, 0.0
validating, 16, 3.553827667236328, -4.4127405166625975, 0.0
testing, 16, 3.711738872528076, -4.351180052757263, 0.0
training, 17, 3.6608649390084405, -4.42213226045881, 0.0
validating, 17, 3.553827667236328, -4.4127466678619385, 0.0
testing, 17, 3.711739110946655, -4.351255989074707, 0.0
training, 18, 3.6608649935041155, -4.422205315317426, 0.0
validating, 18, 3.553827667236328, -4.41269736289978, 0.0
testing, 18, 3.711739015579224, -4.351199114322663, 0.0
training, 19, 3.6608649390084405, -4.4221625396183555, 0.0
validating, 19, 3.553827667236328, -4.412724828720092, 0.0
testing, 19, 3.711739015579224, -4.351208794116974, 0.0
training, 20, 3.6608649935041155, -4.4222097022192814, 0.0
validating, 20, 3.553827667236328, -4.41273684501648, 0.0
testing, 20, 3.711739015579224, -4.351203560829163, 0.0
training, 21, 3.6608650479997906, -4.422099123682295, 0.0
validating, 21, 3.553827667236328, -4.412741804122925, 0.0
testing, 21, 3.711739015579224, -4.351188707351684, 0.0
training, 22, 3.6608649935041155, -4.422210713795253, 0.0
validating, 22, 3.553827667236328, -4.412673425674439, 0.0
testing, 22, 3.711739015579224, -4.351189196109772, 0.0
training, 23, 3.6608649390084405, -4.422117001669747, 0.0
validating, 23, 3.553827667236328, -4.412718772888184, 0.0
testing, 23, 3.711739015579224, -4.351181852817535, 0.0
training, 24, 3.6608649935041155, -4.422125455311367, 0.0
validating, 24, 3.553827667236328, -4.412738800048828, 0.0
testing, 24, 3.711739110946655, -4.351206648349762, 0.0
training, 25, 3.6608649935041155, -4.422101197923933, 0.0
validating, 25, 3.553827667236328, -4.412689161300659, 0.0
testing, 25, 3.711739015579224, -4.351211261749268, 0.0
training, 26, 3.6608649935041155, -4.422105325971331, 0.0
validating, 26, 3.553827476501465, -4.412749195098877, 0.0
testing, 26, 3.7117389678955077, -4.351186287403107, 0.0
training, 27, 3.6608649935041155, -4.422130465507507, 0.0
validating, 27, 3.553827667236328, -4.412710857391358, 0.0
testing, 27, 3.711739015579224, -4.351193654537201, 0.0
training, 28, 3.6608649662562778, -4.422081811087472, 0.0
validating, 28, 3.553827667236328, -4.412677383422851, 0.0
testing, 28, 3.711739015579224, -4.351221203804016, 0.0
training, 29, 3.6608649935041155, -4.422175002098084, 0.0
validating, 29, 3.553827667236328, -4.412767124176026, 0.0
testing, 29, 3.7117390632629395, -4.351186621189117, 0.0
training, 30, 3.6608649935041155, -4.422175349508013, 0.0
validating, 30, 3.553827667236328, -4.412778997421265, 0.0
testing, 30, 3.711739015579224, -4.351205384731292, 0.0
training, 31, 3.6608649662562778, -4.42221348285675, 0.0
validating, 31, 3.553827667236328, -4.41270899772644, 0.0
testing, 31, 3.711739015579224, -4.3511916399002075, 0.0
training, 32, 3.6608650207519533, -4.422117451259068, 0.0
validating, 32, 3.553827667236328, -4.412754106521606, 0.0
testing, 32, 3.711739015579224, -4.351179242134094, 0.0
training, 33, 3.6608650207519533, -4.422153622763497, 0.0
validating, 33, 3.553827667236328, -4.412694215774536, 0.0
testing, 33, 3.711739015579224, -4.351215052604675, 0.0
training, 34, 3.6608649935041155, -4.422132771355765, 0.0
validating, 34, 3.553827667236328, -4.4127405166625975, 0.0
testing, 34, 3.711739015579224, -4.351177406311035, 0.0
training, 35, 3.6608649798801967, -4.42212712424142, 0.0
validating, 35, 3.553827667236328, -4.412731409072876, 0.0
testing, 35, 3.711739015579224, -4.35118293762207, 0.0
training, 36, 3.6608649935041155, -4.422293288367135, 0.0
validating, 36, 3.553827667236328, -4.412735319137573, 0.0
testing, 36, 3.711739015579224, -4.351188087463379, 0.0
training, 37, 3.6608649935041155, -4.422117233276367, 0.0
validating, 37, 3.553827667236328, -4.41275110244751, 0.0
testing, 37, 3.711739015579224, -4.3512030124664305, 0.0
training, 38, 3.6608650071280344, -4.422137117385864, 0.0
validating, 38, 3.553827667236328, -4.4127133846282955, 0.0
testing, 38, 3.711739015579224, -4.351168799400329, 0.0
training, 39, 3.6608650479997906, -4.422171715327671, 0.0
validating, 39, 3.5538275718688963, -4.412732410430908, 0.0
testing, 39, 3.7117389678955077, -4.351197552680969, 0.0
training, 40, 3.660864952632359, -4.422121637208122, 0.0
validating, 40, 3.553827667236328, -4.412711143493652, 0.0
testing, 40, 3.711739015579224, -4.3511862516403195, 0.0
training, 41, 3.6608649935041155, -4.422175165585109, 0.0
validating, 41, 3.553827667236328, -4.412721300125122, 0.0
testing, 41, 3.711739110946655, -4.351213657855988, 0.0
training, 42, 3.6608649935041155, -4.422128057479858, 0.0
validating, 42, 3.553827667236328, -4.412738227844239, 0.0
testing, 42, 3.711739015579224, -4.351186549663543, 0.0
training, 43, 3.6608649798801967, -4.422137205941336, 0.0
validating, 43, 3.553827667236328, -4.4127020835876465, 0.0
testing, 43, 3.711739015579224, -4.351205515861511, 0.0
training, 44, 3.6608649798801967, -4.422132914406912, 0.0
validating, 44, 3.553827667236328, -4.412740087509155, 0.0
testing, 44, 3.7117389678955077, -4.3512097835540775, 0.0
training, 45, 3.6608649935041155, -4.422071181024823, 0.0
validating, 45, 3.553827667236328, -4.412745428085327, 0.0
testing, 45, 3.711739015579224, -4.351208662986755, 0.0
training, 46, 3.6608650479997906, -4.4221254178455895, 0.0
validating, 46, 3.553827667236328, -4.412699747085571, 0.0
testing, 46, 3.711739110946655, -4.35119309425354, 0.0
training, 47, 3.6608650343758717, -4.422893800054278, 0.0
validating, 47, 3.553827667236328, -4.4127096176147464, 0.0
testing, 47, 3.7117390632629395, -4.351199412345887, 0.0
training, 48, 3.6608649935041155, -4.422165496008737, 0.0
validating, 48, 3.553827667236328, -4.412732362747192, 0.0
testing, 48, 3.711739015579224, -4.351211702823639, 0.0
training, 49, 3.6608649798801967, -4.422088411876134, 0.0
validating, 49, 3.553827667236328, -4.412717819213867, 0.0
testing, 49, 3.711739015579224, -4.351197779178619, 0.0
training, 50, 3.6608649935041155, -4.422173261642456, 0.0
validating, 50, 3.553827667236328, -4.412725830078125, 0.0
testing, 50, 3.711739015579224, -4.3512161612510685, 0.0
Random seed, 10
mode, epoch, average loss, defender utility, simulated defender utility
training, -1, 1.0252834217888969, -2.8724133951323374, 0.0
validating, -1, 1.1160443067550658, -2.7407798290252687, 0.0
testing, -1, 1.098093855381012, -2.7890319168567657, 0.0
training, 0, 1.740240604536874, -3.189110766138349, 0.0
validating, 0, 1.8119251489639283, -3.0916560649871827, 0.0
testing, 0, 1.8289260387420654, -3.125263440608978, 0.0
training, 1, 1.740240454673767, -3.189118940489633, 0.0
validating, 1, 1.8119251012802124, -3.0915918350219727, 0.0
testing, 1, 1.8289260387420654, -3.1252432107925414, 0.0
training, 2, 1.7402403661182948, -3.189133153642927, 0.0
validating, 2, 1.8119247198104858, -3.091623091697693, 0.0
testing, 2, 1.8289255380630494, -3.1252658128738404, 0.0
training, 3, 1.7402394192559378, -3.189123409135001, 0.0
validating, 3, 1.8119231939315796, -3.091567301750183, 0.0
testing, 3, 1.828924584388733, -3.1252848148345946, 0.0
training, 4, 1.7402385984148299, -3.189123923437936, 0.0
validating, 4, 1.8119229555130005, -3.0916296005249024, 0.0
testing, 4, 1.8289241790771484, -3.125268793106079, 0.0
training, 5, 1.7402358157294138, -3.189124945231846, 0.0
validating, 5, 1.8119207620620728, -3.091635799407959, 0.0
testing, 5, 1.8289226055145265, -3.125258219242096, 0.0
training, 6, 1.74023243699755, -3.189139236722674, 0.0
validating, 6, 1.8119136095046997, -3.0915778636932374, 0.0
testing, 6, 1.8289177894592286, -3.125285065174103, 0.0
training, 7, 1.7402297360556467, -3.189120013373239, 0.0
validating, 7, 1.81191565990448, -3.0916287422180178, 0.0
testing, 7, 1.828919005393982, -3.1252553462982178, 0.0
training, 8, 1.7402236257280623, -3.1891168696539745, 0.0
validating, 8, 1.8118922472000123, -3.0915998458862304, 0.0
testing, 8, 1.828904914855957, -3.125278425216675, 0.0
training, 9, 1.7402121986661638, -3.1891275882720946, 0.0
validating, 9, 1.8119060277938843, -3.0916364669799803, 0.0
testing, 9, 1.8289126634597779, -3.125260627269745, 0.0
training, 10, 1.7402270385197232, -3.1891091993876866, 0.0
validating, 10, 1.8119165658950807, -3.0916483640670775, 0.0
testing, 10, 1.82891948223114, -3.125277352333069, 0.0
training, 11, 1.7402334213256836, -3.189131317819868, 0.0
validating, 11, 1.811919379234314, -3.0916141748428343, 0.0
testing, 11, 1.8289215922355653, -3.125268352031708, 0.0
training, 12, 1.740222614152091, -3.18912171295711, 0.0
validating, 12, 1.8118987321853637, -3.091594362258911, 0.0
testing, 12, 1.8289077520370483, -3.1252766013145448, 0.0
training, 13, 1.740212597165789, -3.1891192163739888, 0.0
validating, 13, 1.8118956327438354, -3.0915908336639406, 0.0
testing, 13, 1.8289051175117492, -3.1252500414848328, 0.0
training, 14, 1.7402064868382046, -3.18912650176457, 0.0
validating, 14, 1.8118881940841676, -3.0915961980819704, 0.0
testing, 14, 1.8289000868797303, -3.125262904167175, 0.0
training, 15, 1.7401994705200194, -3.1891263791493007, 0.0
validating, 15, 1.811880850791931, -3.091594386100769, 0.0
testing, 15, 1.8288954734802245, -3.1252798199653626, 0.0
training, 16, 1.7401909249169485, -3.189117649623326, 0.0
validating, 16, 1.811874508857727, -3.09163236618042, 0.0
testing, 16, 1.8288917064666748, -3.125270628929138, 0.0
training, 17, 1.740188319342477, -3.189124894142151, 0.0
validating, 17, 1.811872935295105, -3.0916303157806397, 0.0
testing, 17, 1.8288907647132873, -3.1252565383911133, 0.0
training, 18, 1.7401873077665055, -3.1891147511346, 0.0
validating, 18, 1.8118698358535767, -3.0916258811950685, 0.0
testing, 18, 1.8288885593414306, -3.125264358520508, 0.0
training, 19, 1.7401835918426514, -3.1891220671789986, 0.0
validating, 19, 1.811868166923523, -3.091576075553894, 0.0
testing, 19, 1.828887438774109, -3.12524870634079, 0.0
training, 20, 1.740176442691258, -3.1891077041625975, 0.0
validating, 20, 1.8118526220321656, -3.0915863275527955, 0.0
testing, 20, 1.8288769006729126, -3.1252652049064635, 0.0
training, 21, 1.7401599884033203, -3.1891210351671493, 0.0
validating, 21, 1.81183660030365, -3.0916337251663206, 0.0
testing, 21, 1.8288669109344482, -3.125270390510559, 0.0
training, 22, 1.7401484864098684, -3.1891260147094727, 0.0
validating, 22, 1.8118285894393922, -3.0916077852249146, 0.0
testing, 22, 1.8288614273071289, -3.1252526164054872, 0.0
training, 23, 1.7401350361960275, -3.1891149997711183, 0.0
validating, 23, 1.8118096590042114, -3.0915642976760864, 0.0
testing, 23, 1.8288482904434205, -3.125253772735596, 0.0
training, 24, 1.740124944278172, -3.189110633305141, 0.0
validating, 24, 1.8118094205856323, -3.0916176319122313, 0.0
testing, 24, 1.828848385810852, -3.1252556324005125, 0.0
training, 25, 1.740124307359968, -3.1891250474112374, 0.0
validating, 25, 1.811808133125305, -3.0915836811065676, 0.0
testing, 25, 1.8288475751876831, -3.1252369403839113, 0.0
training, 26, 1.7401217426572526, -3.189112366948809, 0.0
validating, 26, 1.8118061780929566, -3.0916173696517943, 0.0
testing, 26, 1.8288463354110718, -3.12525794506073, 0.0
training, 27, 1.7401209150041852, -3.1891030515943255, 0.0
validating, 27, 1.8118056535720826, -3.0915902853012085, 0.0
testing, 27, 1.8288462042808533, -3.1252549290657043, 0.0
training, 28, 1.740120472226824, -3.1891257865088325, 0.0
validating, 28, 1.8118057012557984, -3.0915675163269043, 0.0
testing, 28, 1.8288466095924378, -3.12526593208313, 0.0
training, 29, 1.7401206186839513, -3.1891158410481046, 0.0
validating, 29, 1.811805510520935, -3.0916285514831543, 0.0
testing, 29, 1.8288465738296509, -3.1252361536026, 0.0
training, 30, 1.7401205846241543, -3.1891166278294154, 0.0
validating, 30, 1.8118056535720826, -3.0916130542755127, 0.0
testing, 30, 1.828846538066864, -3.1252519726753234, 0.0
training, 31, 1.7401206595557077, -3.189114029066903, 0.0
validating, 31, 1.8118054628372193, -3.091640853881836, 0.0
testing, 31, 1.8288464665412902, -3.125261116027832, 0.0
training, 32, 1.7401198863983154, -3.1891056571687972, 0.0
validating, 32, 1.8118045568466186, -3.091595911979675, 0.0
testing, 32, 1.8288455963134767, -3.1252493262290955, 0.0
training, 33, 1.7401186908994402, -3.189116624423436, 0.0
validating, 33, 1.8118032217025757, -3.0916157960891724, 0.0
testing, 33, 1.8288447260856628, -3.1252616167068483, 0.0
training, 34, 1.7401173864092145, -3.1891100917543684, 0.0
validating, 34, 1.8118019342422484, -3.0915889501571656, 0.0
testing, 34, 1.8288438320159912, -3.1252556324005125, 0.0
training, 35, 1.7401168176106043, -3.1891140222549437, 0.0
validating, 35, 1.811802077293396, -3.091587781906128, 0.0
testing, 35, 1.8288438200950623, -3.1252721190452575, 0.0
training, 36, 1.7401164974485124, -3.1891207592827935, 0.0
validating, 36, 1.8118026971817016, -3.0916024446487427, 0.0
testing, 36, 1.8288439869880677, -3.125249779224396, 0.0
training, 37, 1.7401167903627668, -3.1891224145889283, 0.0
validating, 37, 1.8118023157119751, -3.0915783166885378, 0.0
testing, 37, 1.8288441896438599, -3.1252634286880494, 0.0
training, 38, 1.7401166984013148, -3.1891288450786046, 0.0
validating, 38, 1.8118019819259643, -3.0916242599487305, 0.0
testing, 38, 1.8288439989089966, -3.1252516508102417, 0.0
training, 39, 1.740116821016584, -3.1891094991139, 0.0
validating, 39, 1.8118020296096802, -3.091575574874878, 0.0
testing, 39, 1.8288440704345703, -3.125273323059082, 0.0
training, 40, 1.7401165655681066, -3.1891107627323696, 0.0
validating, 40, 1.811801791191101, -3.09158673286438, 0.0
testing, 40, 1.8288440227508544, -3.1252543807029722, 0.0
training, 41, 1.7401165860039847, -3.189113061768668, 0.0
validating, 41, 1.8118016004562378, -3.0915913581848145, 0.0
testing, 41, 1.8288437366485595, -3.125261735916138, 0.0
training, 42, 1.7401164736066546, -3.1891294172831945, 0.0
validating, 42, 1.8118016958236693, -3.091615653038025, 0.0
testing, 42, 1.8288437724113464, -3.125280332565308, 0.0
training, 43, 1.7401165451322282, -3.189111198697771, 0.0
validating, 43, 1.8118020296096802, -3.0916111946105955, 0.0
testing, 43, 1.8288438439369201, -3.125247037410736, 0.0
training, 44, 1.7401165894099644, -3.189117980003357, 0.0
validating, 44, 1.8118012189865111, -3.091577100753784, 0.0
testing, 44, 1.8288435101509095, -3.125242590904236, 0.0
training, 45, 1.7401163475854056, -3.1891018288476127, 0.0
validating, 45, 1.8118013143539429, -3.091613221168518, 0.0
testing, 45, 1.8288432478904724, -3.1252452731132507, 0.0
training, 46, 1.7401164020810809, -3.1891109670911515, 0.0
validating, 46, 1.8118021726608275, -3.0916017293930054, 0.0
testing, 46, 1.8288436770439147, -3.1252652525901796, 0.0
training, 47, 1.7401164974485124, -3.1891183478491647, 0.0
validating, 47, 1.811801505088806, -3.09164183139801, 0.0
testing, 47, 1.8288436651229858, -3.1252581596374513, 0.0
training, 48, 1.7401165587561471, -3.1891104902539933, 0.0
validating, 48, 1.8118014574050902, -3.091605615615845, 0.0
testing, 48, 1.8288431406021117, -3.125242567062378, 0.0
training, 49, 1.7401163918631417, -3.1891231775283813, 0.0
validating, 49, 1.8118011236190796, -3.0915763854980467, 0.0
testing, 49, 1.828843593597412, -3.1252572298049928, 0.0
training, 50, 1.7401163680212839, -3.189101300920759, 0.0
validating, 50, 1.811801791191101, -3.0916155576705933, 0.0
testing, 50, 1.8288439869880677, -3.1252617478370666, 0.0
Random seed, 6
mode, epoch, average loss, defender utility, simulated defender utility
training, -1, 1.0637866701398577, -2.7134321893964497, 0.0
validating, -1, 1.1702346801757812, -2.7431804180145263, 0.0
testing, -1, 1.1367697238922119, -2.5966879963874816, 0.0
training, 0, 3.0128625188555036, -3.832166021210807, 0.0
validating, 0, 3.2606549739837645, -3.8570385217666625, 0.0
testing, 0, 3.205663871765137, -3.9199196219444277, 0.0
training, 1, 2.996377440861293, -3.817826475415911, 0.0
validating, 1, 3.1909127712249754, -3.800313353538513, 0.0
testing, 1, 3.1349679946899416, -3.853839635848999, 0.0
training, 2, 2.807166590009417, -3.6426296268190654, 0.0
validating, 2, 2.7587825298309325, -3.415750002861023, 0.0
testing, 2, 2.6969202518463136, -3.4026731967926027, 0.0
training, 3, 2.2327958038875035, -3.2348789181028095, 0.0
validating, 3, 2.087401580810547, -3.1128082513809203, 0.0
testing, 3, 2.0216195344924928, -2.969758450984955, 0.0
training, 4, 1.925497511454991, -3.0743171317236766, 0.0
validating, 4, 2.0921591758728026, -3.058355927467346, 0.0
testing, 4, 2.0209580421447755, -2.8602639019489287, 0.0
training, 5, 2.106030934197562, -3.0482680422919137, 0.0
validating, 5, 2.494313192367554, -3.0689373254776, 0.0
testing, 5, 2.4148009061813354, -2.8541451036930083, 0.0
training, 6, 2.37223151751927, -3.04819450208119, 0.0
validating, 6, 2.632207441329956, -3.070112872123718, 0.0
testing, 6, 2.5448650121688843, -2.8487470924854277, 0.0
training, 7, 2.3273382799965994, -3.04726482800075, 0.0
validating, 7, 2.2752991199493406, -3.1649210691452025, 0.0
testing, 7, 2.2160650491714478, -3.059469020366669, 0.0
training, 8, 2.1624134744916645, -3.1752408061708723, 0.0
validating, 8, 2.032273769378662, -3.077694535255432, 0.0
testing, 8, 1.9572168827056884, -2.9250081539154054, 0.0
training, 9, 1.9148992334093367, -3.027804970741272, 0.0
validating, 9, 2.3360820770263673, -3.0280144453048705, 0.0
testing, 9, 2.234315586090088, -2.8138682365417482, 0.0
training, 10, 2.555342033931187, -3.0397114106587, 0.0
validating, 10, 3.4174092769622804, -3.104997730255127, 0.0
testing, 10, 3.292283797264099, -2.8348756074905395, 0.0
training, 11, 2.883980996268136, -3.053223959037236, 0.0
validating, 11, 2.8255960941314697, -3.0666243553161623, 0.0
testing, 11, 2.702993702888489, -2.817132753133774, 0.0
training, 12, 2.4260427134377616, -3.0248803785869054, 0.0
validating, 12, 2.5217519283294676, -3.024006986618042, 0.0
testing, 12, 2.4024091243743895, -2.8065670251846315, 0.0
training, 13, 2.2269059453691753, -3.016521792752402, 0.0
validating, 13, 2.4604246616363525, -3.0198721170425413, 0.0
testing, 13, 2.340268683433533, -2.801656299829483, 0.0
training, 14, 2.3298960890088765, -3.0191204820360458, 0.0
validating, 14, 2.5138365268707275, -3.0209495782852174, 0.0
testing, 14, 2.39188129901886, -2.802479088306427, 0.0
training, 15, 2.212944071633475, -3.013331043720245, 0.0
validating, 15, 2.4611661434173584, -3.0167020320892335, 0.0
testing, 15, 2.3379620790481566, -2.797337758541107, 0.0
training, 16, 2.3787786211286273, -3.016490755762373, 0.0
validating, 16, 3.0262810230255126, -3.0727508306503295, 0.0
testing, 16, 2.8846336126327516, -2.803961604833603, 0.0
training, 17, 2.876321738106864, -3.03941718680518, 0.0
validating, 17, 3.351854372024536, -3.0898250102996827, 0.0
testing, 17, 3.1983761310577394, -2.803229606151581, 0.0
training, 18, 2.992018154689244, -3.0429065244538442, 0.0
validating, 18, 3.3693752765655516, -3.089786672592163, 0.0
testing, 18, 3.212976336479187, -2.8010909378528597, 0.0
training, 19, 2.749398122514997, -3.023742631503514, 0.0
validating, 19, 2.816390371322632, -3.024323844909668, 0.0
testing, 19, 2.6688918352127073, -2.7893909752368926, 0.0
training, 20, 2.4438251767839705, -3.0095344594546725, 0.0
validating, 20, 2.501457357406616, -3.0061147928237917, 0.0
testing, 20, 2.359734129905701, -2.779782569408417, 0.0
training, 21, 2.0293926034654888, -2.99028103351593, 0.0
validating, 21, 2.020152235031128, -2.9811892747879027, 0.0
testing, 21, 1.8957116842269897, -2.764914208650589, 0.0
training, 22, 1.8234881605420794, -2.97809978553227, 0.0
validating, 22, 1.9356023788452148, -2.977700185775757, 0.0
testing, 22, 1.8177953243255616, -2.768612080812454, 0.0
training, 23, 1.7464385850088937, -2.966983314922878, 0.0
validating, 23, 1.8478824615478515, -2.974929189682007, 0.0
testing, 23, 1.7395479202270507, -2.7768859386444094, 0.0
training, 24, 1.7070726803370884, -2.9655620438711985, 0.0
validating, 24, 1.8294103622436524, -2.9717740058898925, 0.0
testing, 24, 1.7237372398376465, -2.776784133911133, 0.0
training, 25, 1.73045026915414, -2.9576494097709656, 0.0
validating, 25, 2.0007642269134522, -2.9666346073150636, 0.0
testing, 25, 1.8673152685165406, -2.746166503429413, 0.0
training, 26, 1.873117480959211, -2.9632844260760716, 0.0
validating, 26, 2.045085048675537, -2.966982126235962, 0.0
testing, 26, 1.906649899482727, -2.7417708575725555, 0.0
training, 27, 1.759008639199393, -2.951029099736895, 0.0
validating, 27, 1.8402441501617433, -2.954237937927246, 0.0
testing, 27, 1.719935154914856, -2.7466543555259704, 0.0
training, 28, 1.6744119916643416, -2.9392877118928094, 0.0
validating, 28, 1.8188611030578614, -2.9468697547912597, 0.0
testing, 28, 1.6976393938064576, -2.740424907207489, 0.0
training, 29, 1.6776627744947161, -2.9277157408850534, 0.0
validating, 29, 1.8482946872711181, -2.937913417816162, 0.0
testing, 29, 1.7167484283447265, -2.7293094754219056, 0.0
training, 30, 1.6467391150338309, -2.9147285512515477, 0.0
validating, 30, 1.766461181640625, -2.919873833656311, 0.0
testing, 30, 1.645916748046875, -2.731832134723663, 0.0
training, 31, 1.5895117691584997, -2.8982641305242267, 0.0
validating, 31, 1.6965683937072753, -2.908728837966919, 0.0
testing, 31, 1.5989548921585084, -2.7335865914821627, 0.0
training, 32, 1.5632754802703857, -2.890979334286281, 0.0
validating, 32, 1.6874902248382568, -2.9034993648529053, 0.0
testing, 32, 1.5885250091552734, -2.726481777429581, 0.0
training, 33, 1.5570992606026786, -2.885655152797699, 0.0
validating, 33, 1.6723134994506836, -2.9001524448394775, 0.0
testing, 33, 1.5816711902618408, -2.72487713098526, 0.0
training, 34, 1.5405853475843156, -2.876161687714713, 0.0
validating, 34, 1.672939920425415, -2.8937400579452515, 0.0
testing, 34, 1.5743702888488769, -2.714481443166733, 0.0
training, 35, 1.5663122381482806, -2.8736756546156745, 0.0
validating, 35, 1.8224921703338623, -2.9082398653030395, 0.0
testing, 35, 1.7125458478927613, -2.7096773743629456, 0.0
training, 36, 1.7701366901397706, -2.904710704939706, 0.0
validating, 36, 1.9635074615478516, -2.922887396812439, 0.0
testing, 36, 1.8548391819000245, -2.717743903398514, 0.0
training, 37, 1.6879932199205672, -2.889253088406154, 0.0
validating, 37, 1.7384060859680175, -2.8941900968551635, 0.0
testing, 37, 1.6410892248153686, -2.6979870915412905, 0.0
training, 38, 1.5223880359104702, -2.8556528312819345, 0.0
validating, 38, 1.6038118839263915, -2.871719813346863, 0.0
testing, 38, 1.5256886243820191, -2.698886567354202, 0.0
training, 39, 1.4910557542528424, -2.841726975781577, 0.0
validating, 39, 1.6684427738189698, -2.874892258644104, 0.0
testing, 39, 1.6056540727615356, -2.7195171654224395, 0.0
training, 40, 1.6044737202780588, -2.861512700148991, 0.0
validating, 40, 1.690035057067871, -2.8761548519134523, 0.0
testing, 40, 1.6271331310272217, -2.7227795660495757, 0.0
training, 41, 1.5811355182102749, -2.8508226803370884, 0.0
validating, 41, 1.6495278358459473, -2.8631038904190063, 0.0
testing, 41, 1.5832708835601808, -2.7050318360328673, 0.0
training, 42, 1.4928985527583531, -2.832534309795925, 0.0
validating, 42, 1.6176717758178711, -2.864951467514038, 0.0
testing, 42, 1.5478447914123534, -2.685948836803436, 0.0
training, 43, 1.4744504383632115, -2.830579856463841, 0.0
validating, 43, 1.5644615650177003, -2.8370134592056275, 0.0
testing, 43, 1.5001375675201416, -2.6724514305591582, 0.0
training, 44, 1.4920112133026122, -2.809101460661207, 0.0
validating, 44, 1.6744384765625, -2.844275116920471, 0.0
testing, 44, 1.607839870452881, -2.698621875047684, 0.0
training, 45, 1.5129069192068918, -2.806667285306113, 0.0
validating, 45, 1.5384208679199218, -2.8210572719573976, 0.0
testing, 45, 1.4838588237762451, -2.66429198384285, 0.0
training, 46, 1.4241147654397146, -2.8032087172780717, 0.0
validating, 46, 1.5147139072418212, -2.8152870178222655, 0.0
testing, 46, 1.4657243251800538, -2.6610086500644683, 0.0
training, 47, 1.460089908327375, -2.793678387573787, 0.0
validating, 47, 1.543530559539795, -2.815389943122864, 0.0
testing, 47, 1.4943218946456909, -2.6668002784252165, 0.0
training, 48, 1.411212464741298, -2.7877918601036074, 0.0
validating, 48, 1.4853021621704101, -2.808765482902527, 0.0
testing, 48, 1.4449141502380372, -2.658225417137146, 0.0
training, 49, 1.3890405518668039, -2.789697125979832, 0.0
validating, 49, 1.478030014038086, -2.8091067552566527, 0.0
testing, 49, 1.44534330368042, -2.659732812643051, 0.0
training, 50, 1.4155581883021764, -2.7845691067831857, 0.0
validating, 50, 1.5514245510101319, -2.815351366996765, 0.0
testing, 50, 1.501615834236145, -2.6683966279029847, 0.0
Random seed, 3
mode, epoch, average loss, defender utility, simulated defender utility
training, -1, 1.277970245906285, -3.4865977457591466, 0.0
validating, -1, 1.3258469581604004, -3.2761305570602417, 0.0
testing, -1, 1.243725633621216, -3.4752235531806948, 0.0
training, 0, 3.4887761865343365, -4.694591556276594, 0.0
validating, 0, 3.4368546485900877, -4.612615394592285, 0.0
testing, 0, 3.3520717859268188, -4.777350878715515, 0.0
training, 1, 3.4783498423440116, -4.683882696287973, 0.0
validating, 1, 3.397901916503906, -4.570733165740966, 0.0
testing, 1, 3.315575194358826, -4.738331866264343, 0.0
training, 2, 3.37634539604187, -4.571879843303136, 0.0
validating, 2, 3.172706127166748, -4.318575143814087, 0.0
testing, 2, 3.1086169958114622, -4.494623684883118, 0.0
training, 3, 3.264843933922904, -4.448000097274781, 0.0
validating, 3, 3.171479511260986, -4.321326351165771, 0.0
testing, 3, 3.1085813283920287, -4.495731019973755, 0.0
training, 4, 3.065950700214931, -4.260963824817113, 0.0
validating, 4, 2.7608237266540527, -3.982646918296814, 0.0
testing, 4, 2.72844398021698, -4.162186241149902, 0.0
training, 5, 2.665338795525687, -4.022946102278573, 0.0
validating, 5, 2.5597039222717286, -3.871771049499512, 0.0
testing, 5, 2.546314740180969, -4.0822167754173275, 0.0
training, 6, 2.476468937737601, -3.952764981133597, 0.0
validating, 6, 2.1599044799804688, -3.660544276237488, 0.0
testing, 6, 2.1779321908950804, -3.921335291862488, 0.0
training, 7, 2.2387984207698275, -3.8447802237101962, 0.0
validating, 7, 2.525401496887207, -3.845768904685974, 0.0
testing, 7, 2.5096820116043093, -4.058425188064575, 0.0
training, 8, 2.4817865303584505, -3.9523986646107265, 0.0
validating, 8, 2.291374397277832, -3.7234540700912477, 0.0
testing, 8, 2.2758278608322144, -3.948165488243103, 0.0
training, 9, 2.216585465839931, -3.851965277535575, 0.0
validating, 9, 2.023617649078369, -3.5746953010559084, 0.0
testing, 9, 2.01828510761261, -3.8027289628982546, 0.0
training, 10, 1.9658801555633545, -3.7509353739874705, 0.0
validating, 10, 1.8527419090270996, -3.542380690574646, 0.0
testing, 10, 1.8542491674423218, -3.724537193775177, 0.0
training, 11, 1.8487455027444022, -3.708404721532549, 0.0
validating, 11, 1.8101640701293946, -3.5760089635848997, 0.0
testing, 11, 1.8191618204116822, -3.722215211391449, 0.0
training, 12, 1.8517969267708914, -3.709289353234427, 0.0
validating, 12, 1.8501830101013184, -3.5714940071105956, 0.0
testing, 12, 1.870363450050354, -3.7242785930633544, 0.0
training, 13, 1.9385509695325578, -3.7196064914975846, 0.0
validating, 13, 1.9158957481384278, -3.549256443977356, 0.0
testing, 13, 1.9571199655532836, -3.7245420575141908, 0.0
training, 14, 2.0106671810150147, -3.7275119032178607, 0.0
validating, 14, 1.9480501174926759, -3.513940715789795, 0.0
testing, 14, 2.004924273490906, -3.745328187942505, 0.0
training, 15, 2.025685773577009, -3.7281024524143764, 0.0
validating, 15, 1.9271353721618651, -3.5377928733825685, 0.0
testing, 15, 1.976615834236145, -3.7243539094924927, 0.0
training, 16, 2.024024636404855, -3.7267563002450124, 0.0
validating, 16, 1.9371423721313477, -3.519581437110901, 0.0
testing, 16, 1.983545470237732, -3.722787618637085, 0.0
training, 17, 1.966551010949271, -3.713698271342686, 0.0
validating, 17, 1.8740745544433595, -3.519548511505127, 0.0
testing, 17, 1.9074564695358276, -3.7076415181159974, 0.0
training, 18, 1.9382860456194198, -3.7099525349480764, 0.0
validating, 18, 1.8608586311340332, -3.515527582168579, 0.0
testing, 18, 1.894309163093567, -3.7040785551071167, 0.0
training, 19, 1.8925166811261858, -3.6916317326681956, 0.0
validating, 19, 1.8163052558898927, -3.5051806449890135, 0.0
testing, 19, 1.8402289628982544, -3.699083089828491, 0.0
training, 20, 1.8558663368225097, -3.685363166672843, 0.0
validating, 20, 1.8279672622680665, -3.4972339630126954, 0.0
testing, 20, 1.8438119173049927, -3.7088878631591795, 0.0
training, 21, 1.921094376700265, -3.732932891164507, 0.0
validating, 21, 1.901608943939209, -3.5339744806289675, 0.0
testing, 21, 1.9176052808761597, -3.7773765921592712, 0.0
training, 22, 1.986944089617048, -3.759467417853219, 0.0
validating, 22, 1.9605740547180175, -3.504166102409363, 0.0
testing, 22, 1.970530343055725, -3.7583968877792358, 0.0
training, 23, 2.049295949935913, -3.7308078629629953, 0.0
validating, 23, 1.980496311187744, -3.4916815519332887, 0.0
testing, 23, 1.994398331642151, -3.7290230870246885, 0.0
training, 24, 2.007199948174613, -3.716112664767674, 0.0
validating, 24, 1.8535510063171388, -3.478745126724243, 0.0
testing, 24, 1.8872787237167359, -3.707496225833893, 0.0
training, 25, 1.9167353221348353, -3.6983865295137677, 0.0
validating, 25, 1.8206747055053711, -3.4829692363739015, 0.0
testing, 25, 1.8618537187576294, -3.6888299703598024, 0.0
training, 26, 1.9112074443272182, -3.6938181604657854, 0.0
validating, 26, 1.8899142265319824, -3.5016754627227784, 0.0
testing, 26, 1.9325510740280152, -3.7179418802261353, 0.0
training, 27, 2.026310396194458, -3.730092579977853, 0.0
validating, 27, 1.982186222076416, -3.5285664558410645, 0.0
testing, 27, 2.042314076423645, -3.7682589173316954, 0.0
training, 28, 2.1486101695469446, -3.7473835945129395, 0.0
validating, 28, 2.170601558685303, -3.559385132789612, 0.0
testing, 28, 2.2558554887771605, -3.8043843150138854, 0.0
training, 29, 2.349533632823399, -3.7844117437090192, 0.0
validating, 29, 2.232231044769287, -3.5867629051208496, 0.0
testing, 29, 2.329690146446228, -3.8492302298545837, 0.0
training, 30, 2.347707026345389, -3.7872087444577898, 0.0
validating, 30, 2.1968295097351076, -3.5845499515533445, 0.0
testing, 30, 2.2738779306411745, -3.817085552215576, 0.0
training, 31, 2.2626082284109934, -3.76875764301845, 0.0
validating, 31, 2.158831024169922, -3.554939079284668, 0.0
testing, 31, 2.2032845258712768, -3.7717393755912783, 0.0
training, 32, 2.2264055388314383, -3.7569828135626655, 0.0
validating, 32, 2.2049943923950197, -3.56787371635437, 0.0
testing, 32, 2.229568600654602, -3.768145513534546, 0.0
training, 33, 2.185611118589129, -3.7510640655245098, 0.0
validating, 33, 2.13183479309082, -3.553986978530884, 0.0
testing, 33, 2.136666703224182, -3.741465437412262, 0.0
training, 34, 2.2147170884268625, -3.7499487468174526, 0.0
validating, 34, 2.1838428497314455, -3.5455207347869875, 0.0
testing, 34, 2.1830400228500366, -3.7319156646728517, 0.0
training, 35, 2.2552354676382884, -3.760089199883597, 0.0
validating, 35, 2.3886386871337892, -3.58617217540741, 0.0
testing, 35, 2.3908337354660034, -3.766201949119568, 0.0
training, 36, 2.437150893892561, -3.7775294542312623, 0.0
validating, 36, 2.405958652496338, -3.5879733324050904, 0.0
testing, 36, 2.4064668893814085, -3.767180347442627, 0.0
training, 37, 2.441496740068708, -3.777457455226353, 0.0
validating, 37, 2.3965828895568846, -3.5876558780670167, 0.0
testing, 37, 2.397209048271179, -3.766002321243286, 0.0
training, 38, 2.4266570704323907, -3.7771671431405203, 0.0
validating, 38, 2.3855756759643554, -3.5875711679458617, 0.0
testing, 38, 2.385827660560608, -3.765020430088043, 0.0
training, 39, 2.398838036400931, -3.7717593124934603, 0.0
validating, 39, 2.3443875312805176, -3.5788092851638793, 0.0
testing, 39, 2.342109513282776, -3.7563077926635744, 0.0
training, 40, 2.3549500601632256, -3.76604676927839, 0.0
validating, 40, 2.3037388801574705, -3.5722678184509276, 0.0
testing, 40, 2.3005988359451295, -3.7487547993659973, 0.0
training, 41, 2.3200039727347237, -3.7627701827457973, 0.0
validating, 41, 2.275264549255371, -3.5705536603927612, 0.0
testing, 41, 2.2751230001449585, -3.748215115070343, 0.0
training, 42, 2.2814566884722027, -3.7595885957990376, 0.0
validating, 42, 2.2210204124450685, -3.5566338300704956, 0.0
testing, 42, 2.2248830080032347, -3.743506443500519, 0.0
training, 43, 2.2406129837036133, -3.754039948327201, 0.0
validating, 43, 2.2081079483032227, -3.5546813011169434, 0.0
testing, 43, 2.212449622154236, -3.741648459434509, 0.0
training, 44, 2.242276014600481, -3.7544318982533045, 0.0
validating, 44, 2.213059902191162, -3.554308533668518, 0.0
testing, 44, 2.216248059272766, -3.7404385089874266, 0.0
training, 45, 2.2310239996228898, -3.751658034324646, 0.0
validating, 45, 2.1921762466430663, -3.5493748664855955, 0.0
testing, 45, 2.19418203830719, -3.7345067262649536, 0.0
training, 46, 2.2036440849304197, -3.746701969419207, 0.0
validating, 46, 2.1591928482055662, -3.5471441030502318, 0.0
testing, 46, 2.1616834878921507, -3.7318924188613893, 0.0
training, 47, 2.18482825415475, -3.742660393033709, 0.0
validating, 47, 2.1577527046203615, -3.547104740142822, 0.0
testing, 47, 2.1602515459060667, -3.7317373037338255, 0.0
training, 48, 2.183366114752633, -3.742496827670506, 0.0
validating, 48, 2.1550953865051268, -3.546927046775818, 0.0
testing, 48, 2.1578498601913454, -3.731648051738739, 0.0
training, 49, 2.179718780517578, -3.7415766307285856, 0.0
validating, 49, 2.151662731170654, -3.5469953298568724, 0.0
testing, 49, 2.154803967475891, -3.731690990924835, 0.0
training, 50, 2.1790442398616245, -3.742171485083444, 0.0
validating, 50, 2.152648448944092, -3.5474387407302856, 0.0
testing, 50, 2.156250786781311, -3.732035553455353, 0.0
Random seed, 2
mode, epoch, average loss, defender utility, simulated defender utility
training, -1, 1.5203830650874546, -3.270985095841544, 0.0
validating, -1, 1.4765658378601074, -3.4427911758422853, 0.0
testing, -1, 1.5552680492401123, -3.2927597641944883, 0.0
training, 0, 4.073215995516096, -4.552357155936105, 0.0
validating, 0, 4.162914276123047, -4.639912128448486, 0.0
testing, 0, 4.010602283477783, -4.534284543991089, 0.0
training, 1, 4.073069606508527, -4.55233930860247, 0.0
validating, 1, 4.15514030456543, -4.637197971343994, 0.0
testing, 1, 4.0033173084259035, -4.531658291816711, 0.0
training, 2, 4.041143887383598, -4.535899250847953, 0.0
validating, 2, 4.07061357498169, -4.593931484222412, 0.0
testing, 2, 3.924085187911987, -4.497712969779968, 0.0
training, 3, 3.842394304275513, -4.401960604531425, 0.0
validating, 3, 3.5793806076049806, -4.330277299880981, 0.0
testing, 3, 3.4666721343994142, -4.283031523227692, 0.0
training, 4, 3.323911019733974, -4.24004739012037, 0.0
validating, 4, 3.2755255699157715, -4.252364182472229, 0.0
testing, 4, 3.186529207229614, -4.277328562736511, 0.0
training, 5, 3.2447798797062464, -4.232172404016767, 0.0
validating, 5, 3.2238956451416017, -4.231542444229126, 0.0
testing, 5, 3.1362762451171875, -4.263937306404114, 0.0
training, 6, 3.276603269577026, -4.209865021705627, 0.0
validating, 6, 3.4837624549865724, -4.269978618621826, 0.0
testing, 6, 3.371712875366211, -4.231205809116363, 0.0
training, 7, 3.517392301559448, -4.224733553613935, 0.0
validating, 7, 3.680644989013672, -4.3333086490631105, 0.0
testing, 7, 3.552906131744385, -4.262944579124451, 0.0
training, 8, 3.5698498249053956, -4.218581581115723, 0.0
validating, 8, 3.478749179840088, -4.213859915733337, 0.0
testing, 8, 3.3580254554748534, -4.165742659568787, 0.0
training, 9, 3.406113917487008, -4.114447811671666, 0.0
validating, 9, 3.283553123474121, -4.056690192222595, 0.0
testing, 9, 3.162538242340088, -4.019482958316803, 0.0
training, 10, 3.1971984795161656, -3.9679073333740233, 0.0
validating, 10, 3.3720617294311523, -4.051155757904053, 0.0
testing, 10, 3.22870774269104, -3.9920605540275576, 0.0
training, 11, 2.937891694477626, -3.9277996165411815, 0.0
validating, 11, 2.5494863510131838, -3.9488368034362793, 0.0
testing, 11, 2.4404087543487547, -3.9084348320960998, 0.0
training, 12, 2.4910686561039515, -3.9345357452120098, 0.0
validating, 12, 2.4994274139404298, -3.934574913978577, 0.0
testing, 12, 2.3894574642181396, -3.89233136177063, 0.0
training, 13, 2.450019175665719, -3.9146136045455933, 0.0
validating, 13, 2.49989652633667, -3.9136651039123533, 0.0
testing, 13, 2.388315439224243, -3.8674035549163817, 0.0
training, 14, 2.4672335692814418, -3.871123422895159, 0.0
validating, 14, 2.5067333221435546, -3.885114002227783, 0.0
testing, 14, 2.3926100730895996, -3.8271031498909, 0.0
training, 15, 2.5533091613224577, -3.834724978038243, 0.0
validating, 15, 2.5112170219421386, -3.870823311805725, 0.0
testing, 15, 2.39520845413208, -3.805358815193176, 0.0
training, 16, 2.381277867725917, -3.8495398419243947, 0.0
validating, 16, 2.3652012825012205, -3.875798749923706, 0.0
testing, 16, 2.2519883155822753, -3.8152135968208314, 0.0
training, 17, 2.2965308121272496, -3.849364791597639, 0.0
validating, 17, 2.365852928161621, -3.8974665641784667, 0.0
testing, 17, 2.2514252185821535, -3.860462987422943, 0.0
training, 18, 2.3591925416673933, -3.8538188832146782, 0.0
validating, 18, 2.696555995941162, -3.919451379776001, 0.0
testing, 18, 2.5811917304992678, -3.8117794394493103, 0.0
training, 19, 2.7255470616476876, -3.894025046484811, 0.0
validating, 19, 2.500177001953125, -3.846250867843628, 0.0
testing, 19, 2.383087968826294, -3.756680226325989, 0.0
training, 20, 2.375367743628366, -3.861542865208217, 0.0
validating, 20, 2.612241840362549, -4.023503208160401, 0.0
testing, 20, 2.508405351638794, -4.006177139282227, 0.0
training, 21, 2.746550553185599, -4.011245134898594, 0.0
validating, 21, 2.754483127593994, -4.082976365089417, 0.0
testing, 21, 2.6477826118469237, -4.070632553100586, 0.0
training, 22, 2.6118690013885497, -3.9397991589137487, 0.0
validating, 22, 2.3800878524780273, -3.8589823484420775, 0.0
testing, 22, 2.260158157348633, -3.760148251056671, 0.0
training, 23, 2.3196105480194094, -3.778251494680132, 0.0
validating, 23, 2.3753225326538088, -3.8225765466690063, 0.0
testing, 23, 2.2591991424560547, -3.7310532212257383, 0.0
training, 24, 2.4116036210741316, -3.7819635697773526, 0.0
validating, 24, 2.642267417907715, -3.8934067249298097, 0.0
testing, 24, 2.526523399353027, -3.7873244166374205, 0.0
training, 25, 2.3900063855307443, -3.7764337846211027, 0.0
validating, 25, 2.4633368492126464, -3.831771397590637, 0.0
testing, 25, 2.3442829132080076, -3.743583083152771, 0.0
training, 26, 2.437262909752982, -3.7764316729136875, 0.0
validating, 26, 2.405691909790039, -3.8194618701934813, 0.0
testing, 26, 2.286736583709717, -3.7359423875808715, 0.0
training, 27, 2.4379999910082137, -3.8181292636053903, 0.0
validating, 27, 2.794023036956787, -4.072032570838928, 0.0
testing, 27, 2.672395944595337, -3.984169375896454, 0.0
training, 28, 3.426201500211443, -4.117913542475019, 0.0
validating, 28, 4.223248481750488, -4.232612824440002, 0.0
testing, 28, 4.133338880538941, -4.362134051322937, 0.0
training, 29, 4.800129202433995, -4.3050668443952285, 0.0
validating, 29, 5.308615493774414, -4.3729397535324095, 0.0
testing, 29, 5.247056388854981, -4.523669898509979, 0.0
training, 30, 5.869809661592756, -4.400357229369027, 0.0
validating, 30, 6.171054744720459, -4.378099036216736, 0.0
testing, 30, 6.123056125640869, -4.5426147937774655, 0.0
training, 31, 7.4500498158591135, -4.435102902139936, 0.0
validating, 31, 9.400155162811279, -4.441622900962829, 0.0
testing, 31, 9.396101045608521, -4.543313264846802, 0.0
training, 32, 12.3091290473938, -4.4209863560540335, 0.0
validating, 32, 15.979217338562012, -4.445371770858765, 0.0
testing, 32, 16.054873180389404, -4.5402092099189755, 0.0
training, 33, 18.769591181618825, -4.405665067264012, 0.0
validating, 33, 20.253265285491942, -4.458735060691834, 0.0
testing, 33, 20.389024257659912, -4.473859179019928, 0.0
training, 34, 21.72072619029454, -4.368548447745187, 0.0
validating, 34, 22.687105178833008, -4.410036993026734, 0.0
testing, 34, 22.822587156295775, -4.391775929927826, 0.0
training, 35, 24.50836693899972, -4.370863546643938, 0.0
validating, 35, 24.158141899108887, -4.416269707679748, 0.0
testing, 35, 24.30208263397217, -4.398620665073395, 0.0
training, 36, 24.59743559701102, -4.371939315114703, 0.0
validating, 36, 24.3268705368042, -4.325849270820617, 0.0
testing, 36, 24.494484901428223, -4.4015343427658085, 0.0
training, 37, 24.841103417532786, -4.379389292853219, 0.0
validating, 37, 24.30377254486084, -4.416642522811889, 0.0
testing, 37, 24.4784574508667, -4.402163147926331, 0.0
training, 38, 24.810479954310825, -4.379958575112479, 0.0
validating, 38, 24.189617347717284, -4.403798532485962, 0.0
testing, 38, 24.36086130142212, -4.401349818706512, 0.0
training, 39, 24.429110826764788, -4.361276180403573, 0.0
validating, 39, 23.639241027832032, -4.3238115310668945, 0.0
testing, 39, 23.800236701965332, -4.398018169403076, 0.0
training, 40, 24.0233058656965, -4.367592620849609, 0.0
validating, 40, 23.440460205078125, -4.413932371139526, 0.0
testing, 40, 23.598422813415528, -4.396907794475555, 0.0
training, 41, 23.875616836547852, -4.358872560092381, 0.0
validating, 41, 23.42404384613037, -4.413947248458863, 0.0
testing, 41, 23.580761623382568, -4.39669224023819, 0.0
training, 42, 24.007540811811175, -4.389756253787449, 0.0
validating, 42, 23.654899215698244, -4.414733910560608, 0.0
testing, 42, 23.817084980010986, -4.398132026195526, 0.0
training, 43, 24.00370123726981, -4.3550626686641145, 0.0
validating, 43, 22.990777206420898, -4.412178039550781, 0.0
testing, 43, 23.147548246383668, -4.395645642280579, 0.0
training, 44, 23.044000244140626, -4.361980087416512, 0.0
validating, 44, 22.22473611831665, -4.429513168334961, 0.0
testing, 44, 22.37476816177368, -4.4071253657341005, 0.0
training, 45, 22.296792466299873, -4.356359165055411, 0.0
validating, 45, 21.145564556121826, -4.418268036842346, 0.0
testing, 45, 21.28242435455322, -4.40624703168869, 0.0
training, 46, 21.1029445375715, -4.373441396440779, 0.0
validating, 46, 20.20711374282837, -4.4597094535827635, 0.0
testing, 46, 20.331289100646973, -4.468346953392029, 0.0
training, 47, 20.34892520904541, -4.398867283548627, 0.0
validating, 47, 19.70197820663452, -4.399774813652039, 0.0
testing, 47, 19.817473125457763, -4.465389609336853, 0.0
training, 48, 20.028463990347728, -4.40373204435621, 0.0
validating, 48, 19.595655155181884, -4.399549269676209, 0.0
testing, 48, 19.70887451171875, -4.464671075344086, 0.0
training, 49, 19.999308395385743, -4.41034517288208, 0.0
validating, 49, 19.572866916656494, -4.355409717559814, 0.0
testing, 49, 19.685697174072267, -4.464735615253448, 0.0
training, 50, 19.962967000688824, -4.4019020148686, 0.0
validating, 50, 19.523360538482667, -4.360487961769104, 0.0
testing, 50, 19.635654163360595, -4.464187467098236, 0.0
