Random seed, 3
mode, epoch, average loss, defender utility, simulated defender utility
training, -1, 0.1511948789869036, -0.30596603664952027, 0.0
validating, -1, 0.16361615657806397, -0.21106385439634323, 0.0
testing, -1, 0.14936838150024415, -0.22844968056306242, 0.0
training, 0, 1.81544372013637, -2.0215845465660096, 0.0
validating, 0, 1.8162241458892823, -1.9355440139770508, 0.0
testing, 0, 1.7733114242553711, -1.9599707782268525, 0.0
training, 1, 1.8150911263057163, -2.0213194404329573, 0.0
validating, 1, 1.8138861656188965, -1.9337060570716857, 0.0
testing, 1, 1.7725402116775513, -1.9591842710971832, 0.0
training, 2, 1.8136300086975097, -2.0195200783865794, 0.0
validating, 2, 1.810646152496338, -1.93037668466568, 0.0
testing, 2, 1.7709518432617188, -1.9573450982570648, 0.0
training, 3, 1.8095149857657296, -2.0145272527422224, 0.0
validating, 3, 1.7989099979400636, -1.9181926012039185, 0.0
testing, 3, 1.7611965656280517, -1.9498707711696626, 0.0
training, 4, 1.7904721260070802, -1.9945274863924298, 0.0
validating, 4, 1.7539702892303466, -1.8846750140190125, 0.0
testing, 4, 1.7250103235244751, -1.9270184636116028, 0.0
training, 5, 1.7472865513392857, -1.9553177084241595, 0.0
validating, 5, 1.6770151138305665, -1.8004294633865356, 0.0
testing, 5, 1.6626256465911866, -1.756956858932972, 0.0
training, 6, 1.6799325636454991, -1.7514105439186096, 0.0
validating, 6, 1.5709343910217286, -1.290378326177597, 0.0
testing, 6, 1.5817933320999145, -1.3952239543199538, 0.0
training, 7, 1.6411081654684885, -1.3433995028184391, 0.0
validating, 7, 1.5226968288421632, -0.7237910449504852, 0.0
testing, 7, 1.5960145235061645, -1.3794418066740035, 0.0
training, 8, 1.7607828991753713, -1.4105920502142644, 0.0
validating, 8, 1.6791296482086182, -1.0966510608792306, 0.0
testing, 8, 1.8516789317131042, -1.457547363266349, 0.0
training, 9, 1.9120245320456368, -1.490379181905882, 0.0
validating, 9, 1.7328971862792968, -0.9362318500876426, 0.0
testing, 9, 1.9289989352226258, -1.424462428316474, 0.0
training, 10, 1.9816072463989258, -1.474105601587299, 0.0
validating, 10, 1.8362051010131837, -1.075683741271496, 0.0
testing, 10, 2.1592644691467284, -1.414345007762313, 0.0
training, 11, 2.1055445092064993, -1.4634629813713085, 0.0
validating, 11, 1.888853406906128, -0.9875040620565414, 0.0
testing, 11, 2.263488030433655, -1.4143031176179648, 0.0
training, 12, 2.1078907115118843, -1.4055453402460156, 0.0
validating, 12, 1.8841207027435303, -1.095317903161049, 0.0
testing, 12, 2.258271539211273, -1.4273248296231031, 0.0
training, 13, 1.8438611098698208, -1.297327868576394, 0.0
validating, 13, 1.6166083812713623, -1.0575387209653855, 0.0
testing, 13, 2.074262487888336, -1.4959844645112752, 0.0
training, 14, 1.8607524803706579, -1.3120754850787173, 0.0
validating, 14, 1.6837115287780762, -1.0671084627509118, 0.0
testing, 14, 2.2037866950035094, -1.5188842888921499, 0.0
training, 15, 1.9572353771754674, -1.3072405289463291, 0.0
validating, 15, 1.78395254611969, -1.0569084674119948, 0.0
testing, 15, 2.3325738191604612, -1.5505267944186927, 0.0
training, 16, 1.971254553113665, -1.3093602857444364, 0.0
validating, 16, 1.6710780143737793, -1.05057902187109, 0.0
testing, 16, 2.0974912643432617, -1.5207026056945323, 0.0
training, 17, 1.8553445305143084, -1.2710742115334137, 0.0
validating, 17, 1.746327805519104, -1.1315293565392495, 0.0
testing, 17, 2.26860431432724, -1.5299704726785421, 0.0
training, 18, 1.9441853897912162, -1.3110257880121932, 0.0
validating, 18, 1.865227508544922, -1.277252344787121, 0.0
testing, 18, 2.446916937828064, -1.5356801446527242, 0.0
training, 19, 2.0033696140561785, -1.3000389153827976, 0.0
validating, 19, 1.8631520509719848, -1.2789424538612366, 0.0
testing, 19, 2.450546443462372, -1.5143334057182074, 0.0
training, 20, 1.9869289772851126, -1.3305240953765207, 0.0
validating, 20, 1.8557435512542724, -1.2852992296218873, 0.0
testing, 20, 2.419109213352203, -1.5013087775558234, 0.0
training, 21, 1.9604624577930996, -1.3307551586227155, 0.0
validating, 21, 1.8495375871658326, -1.2857570335268975, 0.0
testing, 21, 2.4035823822021483, -1.499420303478837, 0.0
training, 22, 1.982577041217259, -1.3375351532653437, 0.0
validating, 22, 1.858735704421997, -1.2872509568929673, 0.0
testing, 22, 2.437372100353241, -1.5127961155027152, 0.0
training, 23, 1.976036626952035, -1.2416928240655185, 0.0
validating, 23, 1.8539172172546388, -1.2867426067590713, 0.0
testing, 23, 2.4141653060913084, -1.5051090773195028, 0.0
training, 24, 1.9646978105817523, -1.2389427203576941, 0.0
validating, 24, 1.8597221374511719, -1.2887974008917809, 0.0
testing, 24, 2.421917033195496, -1.5168278243392705, 0.0
training, 25, 1.9700457947594778, -1.2672308107596884, 0.0
validating, 25, 1.863658571243286, -1.2934995770454407, 0.0
testing, 25, 2.4208099484443664, -1.5066582050174475, 0.0
training, 26, 1.972697901725769, -1.325514884654798, 0.0
validating, 26, 1.8709770679473876, -1.301222461462021, 0.0
testing, 26, 2.435352325439453, -1.492548605427146, 0.0
training, 27, 1.9720560789108277, -1.2392220693000122, 0.0
validating, 27, 1.8694610357284547, -1.2998757615685463, 0.0
testing, 27, 2.4294474959373473, -1.4927480723708868, 0.0
training, 28, 1.9759268556322371, -1.3097070186556912, 0.0
validating, 28, 1.882476806640625, -1.3009800419211388, 0.0
testing, 28, 2.4655784368515015, -1.4987346019595862, 0.0
training, 29, 1.9922975301742554, -1.325216622972428, 0.0
validating, 29, 1.8912947177886963, -1.3040513291954994, 0.0
testing, 29, 2.4758201360702516, -1.495773273333907, 0.0
training, 30, 1.9927305800574167, -1.263549414851669, 0.0
validating, 30, 1.8908140897750854, -1.3043178409337997, 0.0
testing, 30, 2.4728167057037354, -1.4946350749582051, 0.0
training, 31, 1.9930326427732195, -1.3014619332763162, 0.0
validating, 31, 1.8922715663909913, -1.30455089956522, 0.0
testing, 31, 2.475228250026703, -1.5003787007182836, 0.0
training, 32, 1.9941951240812028, -1.2944178522057228, 0.0
validating, 32, 1.8935265064239502, -1.3050166323781014, 0.0
testing, 32, 2.4781505942344664, -1.4948927786201238, 0.0
training, 33, 1.9939851147787913, -1.287183747975255, 0.0
validating, 33, 1.8921625137329101, -1.3051459968090058, 0.0
testing, 33, 2.474192535877228, -1.5208978109061717, 0.0
training, 34, 1.9928247792380196, -1.293768508535244, 0.0
validating, 34, 1.8921188831329345, -1.304902519285679, 0.0
testing, 34, 2.4720191955566406, -1.5059533204883337, 0.0
training, 35, 1.9932107210159302, -1.2661392866924868, 0.0
validating, 35, 1.89272141456604, -1.3057152837514878, 0.0
testing, 35, 2.4745147109031675, -1.4933367516845464, 0.0
training, 36, 1.9934580632618495, -1.2669822941293072, 0.0
validating, 36, 1.8931623697280884, -1.305999357998371, 0.0
testing, 36, 2.4754464268684386, -1.4925747450441122, 0.0
training, 37, 1.9935129131589617, -1.2928702537527503, 0.0
validating, 37, 1.8929147720336914, -1.3067898735404015, 0.0
testing, 37, 2.473915195465088, -1.4928006943315268, 0.0
training, 38, 1.9931872265679496, -1.297857093387782, 0.0
validating, 38, 1.8945635080337524, -1.3070689961314201, 0.0
testing, 38, 2.47851105928421, -1.5054923709481955, 0.0
training, 39, 1.9946678808757237, -1.3186788714382727, 0.0
validating, 39, 1.8946390867233276, -1.3072651863098144, 0.0
testing, 39, 2.4779942989349366, -1.5204107254743575, 0.0
training, 40, 1.9948912348066057, -1.2951676562453416, 0.0
validating, 40, 1.896018648147583, -1.307981699705124, 0.0
testing, 40, 2.4806613087654115, -1.4930321481078863, 0.0
training, 41, 1.9955526351928712, -1.2672787048346692, 0.0
validating, 41, 1.8961107969284057, -1.3079218029975892, 0.0
testing, 41, 2.4808496713638304, -1.5259561829268933, 0.0
training, 42, 1.9956088645117624, -1.3176255830056363, 0.0
validating, 42, 1.896247673034668, -1.3078317284584045, 0.0
testing, 42, 2.4809826135635378, -1.4927161511033773, 0.0
training, 43, 1.995755021912711, -1.3175316940485828, 0.0
validating, 43, 1.8964305162429809, -1.3080220490694046, 0.0
testing, 43, 2.4813467621803285, -1.5057588424533606, 0.0
training, 44, 1.9960268838065012, -1.3206292986894754, 0.0
validating, 44, 1.8965664863586427, -1.3080467998981475, 0.0
testing, 44, 2.4816604018211366, -1.4933728482574224, 0.0
training, 45, 1.9962921176637922, -1.2613838895515068, 0.0
validating, 45, 1.8968220472335815, -1.308416973054409, 0.0
testing, 45, 2.4823200702667236, -1.4933077242225408, 0.0
training, 46, 1.9963784388133459, -1.2935583569730273, 0.0
validating, 46, 1.8968173027038575, -1.3082748785614968, 0.0
testing, 46, 2.4821229457855223, -1.5053548987954855, 0.0
training, 47, 1.996332195826939, -1.3220945386892942, 0.0
validating, 47, 1.8968619346618651, -1.3083738520741464, 0.0
testing, 47, 2.482125461101532, -1.492844593152404, 0.0
training, 48, 1.9964063371930802, -1.2954066305712326, 0.0
validating, 48, 1.8969055891036988, -1.3085883423686027, 0.0
testing, 48, 2.482180154323578, -1.4933511789888143, 0.0
training, 49, 1.9964591979980468, -1.254929988088718, 0.0
validating, 49, 1.8970762729644775, -1.3080643251538278, 0.0
testing, 49, 2.482588493824005, -1.4925775405019521, 0.0
training, 50, 1.996542889731271, -1.274681278214224, 0.0
validating, 50, 1.8970245361328124, -1.308328877389431, 0.0
testing, 50, 2.4824384093284606, -1.5263310544192792, 0.0
training, 51, 1.9965060540607997, -1.2710048809672503, 0.0
validating, 51, 1.897024440765381, -1.3084432080388069, 0.0
testing, 51, 2.482544648647308, -1.493043890222907, 0.0
training, 52, 1.9965674434389387, -1.2703607838093631, 0.0
validating, 52, 1.8970508575439453, -1.3084292203187942, 0.0
testing, 52, 2.4826064348220824, -1.4932132121175528, 0.0
training, 53, 1.9965893268585204, -1.2728853506061044, 0.0
validating, 53, 1.8970559120178223, -1.30859764367342, 0.0
testing, 53, 2.482625663280487, -1.492706635221839, 0.0
training, 54, 1.9965990509305682, -1.2591018407896624, 0.0
validating, 54, 1.8970677375793457, -1.3085252702236176, 0.0
testing, 54, 2.4826469302177427, -1.4931169029325246, 0.0
training, 55, 1.9966111762183054, -1.323488447857588, 0.0
validating, 55, 1.8970780611038207, -1.3085242494940759, 0.0
testing, 55, 2.4826717495918276, -1.4929382499307393, 0.0
training, 56, 1.996603570665632, -1.3227278272380183, 0.0
validating, 56, 1.8970637798309327, -1.3083659395575524, 0.0
testing, 56, 2.4826276302337646, -1.4927113708108664, 0.0
training, 57, 1.9966028894696917, -1.247942128074854, 0.0
validating, 57, 1.8970670223236084, -1.3082056939601898, 0.0
testing, 57, 2.482643461227417, -1.5109338726848365, 0.0
training, 58, 1.996598209653582, -1.3021820627577, 0.0
validating, 58, 1.8970655441284179, -1.3086567625403405, 0.0
testing, 58, 2.4826268434524534, -1.53318674787879, 0.0
training, 59, 1.9965938806533814, -1.279280535573239, 0.0
validating, 59, 1.897069525718689, -1.3085903212428094, 0.0
testing, 59, 2.4826304078102113, -1.4991068299859762, 0.0
training, 60, 1.9966109412057058, -1.2792494560350727, 0.0
validating, 60, 1.8970958471298218, -1.3087169915437697, 0.0
testing, 60, 2.482683837413788, -1.492710232362151, 0.0
training, 61, 1.9966177327292307, -1.2413145375462977, 0.0
validating, 61, 1.8971042394638062, -1.308242531120777, 0.0
testing, 61, 2.4826844215393065, -1.4929807480424642, 0.0
training, 62, 1.9966309990201678, -1.2614199397844326, 0.0
validating, 62, 1.8971143007278441, -1.3085639402270317, 0.0
testing, 62, 2.4827075362205506, -1.4926499214023352, 0.0
training, 63, 1.9966334240777153, -1.283530273650207, 0.0
validating, 63, 1.8971146106719972, -1.308417421579361, 0.0
testing, 63, 2.482708013057709, -1.4978486236184836, 0.0
training, 64, 1.9966334206717355, -1.2590568293576192, 0.0
validating, 64, 1.8971146821975708, -1.3084740981459617, 0.0
testing, 64, 2.482706367969513, -1.5059914883226155, 0.0
training, 65, 1.9966329302106585, -1.2641907352846045, 0.0
validating, 65, 1.897114109992981, -1.3084724321961403, 0.0
testing, 65, 2.482707405090332, -1.5052699144929647, 0.0
training, 66, 1.9966334172657558, -1.2610852036117906, 0.0
validating, 66, 1.89711537361145, -1.3085039094090463, 0.0
testing, 66, 2.4827072381973267, -1.5130971636623145, 0.0
training, 67, 1.996633195877075, -1.2582273566322064, 0.0
validating, 67, 1.8971146106719972, -1.308475135266781, 0.0
testing, 67, 2.4827072262763976, -1.4979671236127614, 0.0
training, 68, 1.9966335126331873, -1.2795461199138243, 0.0
validating, 68, 1.8971142530441285, -1.3087818384170533, 0.0
testing, 68, 2.4827083349227905, -1.5110144164413213, 0.0
training, 69, 1.996633699962071, -1.2893944476356924, 0.0
validating, 69, 1.8971142292022705, -1.308344405889511, 0.0
testing, 69, 2.4827077269554136, -1.5057590331882238, 0.0
training, 70, 1.996632708821978, -1.2563691812326263, 0.0
validating, 70, 1.89711537361145, -1.3085583359003068, 0.0
testing, 70, 2.4827065467834473, -1.4992215003818274, 0.0
training, 71, 1.9966332639966693, -1.2748383108418364, 0.0
validating, 71, 1.8971156120300292, -1.3083937451243401, 0.0
testing, 71, 2.4827085018157957, -1.4922875609248876, 0.0
training, 72, 1.99663462298257, -1.2958395898766213, 0.0
validating, 72, 1.8971147775650024, -1.3083520904183388, 0.0
testing, 72, 2.4827088356018066, -1.493478274717927, 0.0
training, 73, 1.9966346536363875, -1.299744318215276, 0.0
validating, 73, 1.8971155405044555, -1.3081546857953072, 0.0
testing, 73, 2.4827097177505495, -1.506480449065566, 0.0
Random seed, 3
mode, epoch, average loss, defender utility, simulated defender utility
training, -1, 0.1511948789869036, -0.28793538700387455, 0.0
validating, -1, 0.16361615657806397, -0.20461472012102605, 0.0
testing, -1, 0.14936838150024415, -0.21377807166427373, 0.0
training, 0, 1.81544372013637, -1.837094019140516, 0.0
validating, 0, 1.8162241458892823, -1.7608087420463563, 0.0
testing, 0, 1.7733114242553711, -1.7874195158481598, 0.0
training, 1, 1.8150305203029087, -1.8364006110600062, 0.0
validating, 1, 1.8135981559753418, -1.7582546591758728, 0.0
testing, 1, 1.7717521905899047, -1.7859234452247619, 0.0
training, 2, 1.8113440241132464, -1.8311229807989937, 0.0
validating, 2, 1.8050054073333741, -1.7480518102645874, 0.0
testing, 2, 1.7648597240447998, -1.779394805431366, 0.0
training, 3, 1.800679520198277, -1.817093460900443, 0.0
validating, 3, 1.7841641426086425, -1.7272029280662538, 0.0
testing, 3, 1.7490819215774536, -1.7639947295188905, 0.0
training, 4, 1.7767313820975168, -1.7904369967324394, 0.0
validating, 4, 1.724744701385498, -1.6750744104385376, 0.0
testing, 4, 1.7044887304306031, -1.7019220352172852, 0.0
training, 5, 1.7150453158787318, -1.5210479118994304, 0.0
validating, 5, 1.5897137641906738, -1.075264298915863, 0.0
testing, 5, 1.600242269039154, -1.1612887263298035, 0.0
training, 6, 1.6468669176101685, -1.1510076720067703, 0.0
validating, 6, 1.5796928405761719, -0.9153714954853058, 0.0
testing, 6, 1.573729193210602, -1.053568498790264, 0.0
training, 7, 1.7399056366511754, -1.2101425775260004, 0.0
validating, 7, 1.6880898475646973, -0.9116266138851643, 0.0
testing, 7, 1.7157156586647033, -1.2295561645179987, 0.0
training, 8, 1.8992951767785209, -1.3562706314891848, 0.0
validating, 8, 1.8100905418395996, -0.9137931481003762, 0.0
testing, 8, 1.907584798336029, -1.1823809806257486, 0.0
training, 9, 1.9936955758503505, -1.4061686047286066, 0.0
validating, 9, 1.810969066619873, -0.939682038873434, 0.0
testing, 9, 1.951932716369629, -1.1718298468738795, 0.0
training, 10, 2.039038896560669, -1.432971352321203, 0.0
validating, 10, 1.8450120449066163, -0.9471043437719345, 0.0
testing, 10, 2.0619934439659118, -1.1802168246358633, 0.0
Random seed, 3
mode, epoch, average loss, defender utility, simulated defender utility
training, -1, 0.1511948789869036, -0.30596603664952027, 0.0
validating, -1, 0.16361615657806397, -0.21106385439634323, 0.0
testing, -1, 0.14936838150024415, -0.22844968056306242, 0.0
training, 0, 1.81544372013637, -2.0215845465660096, 0.0
validating, 0, 1.8162241458892823, -1.9355440139770508, 0.0
testing, 0, 1.7733114242553711, -1.9599707782268525, 0.0
training, 1, 1.8150172097342354, -2.021229146208082, 0.0
validating, 1, 1.8134028911590576, -1.9329867720603944, 0.0
testing, 1, 1.7717790365219117, -1.9586747765541077, 0.0
training, 2, 1.8115216323307581, -2.015952410016741, 0.0
validating, 2, 1.805711030960083, -1.9236982822418214, 0.0
testing, 2, 1.7659676551818848, -1.953656005859375, 0.0
training, 3, 1.8017226627894811, -2.0039803896631514, 0.0
validating, 3, 1.785333776473999, -1.9072505831718445, 0.0
testing, 3, 1.751544213294983, -1.9421795189380646, 0.0
training, 4, 1.7775352205548967, -1.9828769496509007, 0.0
validating, 4, 1.7249513149261475, -1.8661068081855774, 0.0
testing, 4, 1.7076903343200684, -1.9169622004032134, 0.0
training, 5, 1.7276334047317505, -1.9409499168395996, 0.0
validating, 5, 1.6485020160675048, -1.545102596282959, 0.0
testing, 5, 1.6485568165779114, -1.5905947354622185, 0.0
training, 6, 1.6621560982295445, -1.649912448546716, 0.0
validating, 6, 1.5645973682403564, -1.169413286447525, 0.0
testing, 6, 1.5841955304145814, -1.3686439037322997, 0.0
training, 7, 1.6063742467335291, -1.317759039894112, 0.0
validating, 7, 1.4700021266937255, -0.9386821568012238, 0.0
testing, 7, 1.5516929268836974, -1.2528972916305066, 0.0
training, 8, 1.579891916683742, -1.2268779023974532, 0.0
validating, 8, 1.4190711498260498, -0.7715163260698319, 0.0
testing, 8, 1.563982081413269, -1.3787844351536052, 0.0
training, 9, 1.596126685823713, -1.2749509323906323, 0.0
validating, 9, 1.408095645904541, -0.7412796646356583, 0.0
testing, 9, 1.574433732032776, -1.3706206556409597, 0.0
training, 10, 1.591334823199681, -1.292543268631977, 0.0
validating, 10, 1.4114486217498778, -0.6706487998366356, 0.0
testing, 10, 1.6652400851249696, -1.4730672296136618, 0.0
training, 11, 1.65357312474932, -1.357726883677865, 0.0
validating, 11, 1.3973986625671386, -0.6559590503573418, 0.0
testing, 11, 1.7124084115028382, -1.485140947625041, 0.0
training, 12, 1.5813391378947668, -1.2372094266249665, 0.0
validating, 12, 1.380028200149536, -0.6696343556046486, 0.0
testing, 12, 1.7084638953208924, -1.487626190856099, 0.0
training, 13, 1.6663859163011823, -1.3707930113613003, 0.0
validating, 13, 1.415337324142456, -0.8993370085954666, 0.0
testing, 13, 1.8133090376853942, -1.536080190166831, 0.0
training, 14, 1.6892791373389109, -1.365296516381204, 0.0
validating, 14, 1.441559076309204, -0.9769458502531052, 0.0
testing, 14, 1.881491231918335, -1.5419148545712233, 0.0
training, 15, 1.7087658064705984, -1.3337279027593987, 0.0
validating, 15, 1.3863927841186523, -0.7132119849324227, 0.0
testing, 15, 1.769111728668213, -1.574400020763278, 0.0
training, 16, 1.6856584548950195, -1.3087580381675203, 0.0
validating, 16, 1.393907403945923, -0.8718233183026314, 0.0
testing, 16, 1.7912843108177186, -1.5776075202971698, 0.0
training, 17, 1.5714344194957188, -1.2120493243847574, 0.0
validating, 17, 1.3882797241210938, -0.8642538294196129, 0.0
testing, 17, 1.7805061221122742, -1.4970807928591967, 0.0
training, 18, 1.619489278112139, -1.2329819787772716, 0.0
validating, 18, 1.3948799133300782, -0.8920736029744148, 0.0
testing, 18, 1.8251025557518006, -1.4926949668675662, 0.0
training, 19, 1.6693446397781373, -1.2457004513059344, 0.0
validating, 19, 1.423830509185791, -0.8152416348457336, 0.0
testing, 19, 1.9566133618354797, -1.5878217492252589, 0.0
training, 20, 1.7382496561322893, -1.1923710316419602, 0.0
validating, 20, 1.4742852687835692, -1.0098879158496856, 0.0
testing, 20, 2.0577792882919312, -1.5743757281452417, 0.0
training, 21, 1.6371172768729074, -1.205908982775041, 0.0
validating, 21, 1.3490471363067627, -0.6690768972039223, 0.0
testing, 21, 1.7233505606651307, -1.477926342561841, 0.0
training, 22, 1.683490868977138, -1.1353444815746376, 0.0
validating, 22, 1.4279728889465333, -0.9616110444068908, 0.0
testing, 22, 1.9725810527801513, -1.5363440964370967, 0.0
training, 23, 1.645220228603908, -1.1567743862313884, 0.0
validating, 23, 1.4238009452819824, -0.8866161480545998, 0.0
testing, 23, 1.9687293767929077, -1.5456605810672044, 0.0
training, 24, 1.6442128692354474, -1.1790235714188644, 0.0
validating, 24, 1.4301053047180177, -0.9681372791528702, 0.0
testing, 24, 1.973056387901306, -1.5464570377022029, 0.0
training, 25, 1.6442150115966796, -1.1857318956937108, 0.0
validating, 25, 1.4241697788238525, -0.9755615830421448, 0.0
testing, 25, 1.9673813939094544, -1.553965451195836, 0.0
training, 26, 1.6418169362204416, -1.1827442285205636, 0.0
validating, 26, 1.4272395133972169, -0.9827930510044098, 0.0
testing, 26, 1.968126904964447, -1.5498311016708612, 0.0
training, 27, 1.6404190029416765, -1.1804992441620146, 0.0
validating, 27, 1.4300982475280761, -1.1150976434350013, 0.0
testing, 27, 1.9733385562896728, -1.5376394901424646, 0.0
training, 28, 1.6412220239639281, -1.1789892226457597, 0.0
validating, 28, 1.4314571857452392, -0.9845575764775276, 0.0
testing, 28, 1.9758272767066956, -1.5420909393578768, 0.0
training, 29, 1.6450703620910645, -1.1940560008798327, 0.0
validating, 29, 1.4365193843841553, -1.1197310552000999, 0.0
testing, 29, 1.982888388633728, -1.5417053554207087, 0.0
training, 30, 1.6424274717058454, -1.1667481137173517, 0.0
validating, 30, 1.4320609092712402, -0.9886545911431313, 0.0
testing, 30, 1.980451273918152, -1.5366345498710872, 0.0
training, 31, 1.6528607538768223, -1.1767754191834967, 0.0
validating, 31, 1.434559154510498, -0.9939552411437035, 0.0
testing, 31, 1.993952202796936, -1.5439155805855989, 0.0
training, 32, 1.6530890158244542, -1.1880134201475552, 0.0
validating, 32, 1.4260921955108643, -0.9966933831572533, 0.0
testing, 32, 1.9778718590736388, -1.57604889459908, 0.0
training, 33, 1.64459844657353, -1.1610978399004255, 0.0
validating, 33, 1.4247134685516358, -0.9926924616098404, 0.0
testing, 33, 1.9758905291557312, -1.5714519057422875, 0.0
training, 34, 1.6460384845733642, -1.187052540055343, 0.0
validating, 34, 1.4253290176391602, -0.9927098467946053, 0.0
testing, 34, 1.9772460818290711, -1.5648953039199114, 0.0
training, 35, 1.6464485849652972, -1.175970968976617, 0.0
validating, 35, 1.426203966140747, -0.9922296598553657, 0.0
testing, 35, 1.9789344906806945, -1.5637537110596895, 0.0
training, 36, 1.6470273188182285, -1.185276112811906, 0.0
validating, 36, 1.4275310516357422, -0.992496794462204, 0.0
testing, 36, 1.9825507283210755, -1.5667438257485629, 0.0
training, 37, 1.648289694104876, -1.1929170746888433, 0.0
validating, 37, 1.4279370784759522, -0.794453875720501, 0.0
testing, 37, 1.983801794052124, -1.59832712598145, 0.0
training, 38, 1.6481126580919538, -1.1866202161780426, 0.0
validating, 38, 1.4282811641693116, -0.993109118938446, 0.0
testing, 38, 1.9846312761306764, -1.5593598056584597, 0.0
training, 39, 1.6480512857437133, -1.1851359203457832, 0.0
validating, 39, 1.4273816108703614, -0.9927016288042069, 0.0
testing, 39, 1.9823381423950195, -1.5669967863708734, 0.0
training, 40, 1.6476206711360386, -1.1840160207024641, 0.0
validating, 40, 1.4287426471710205, -0.99354587495327, 0.0
testing, 40, 1.9852780938148498, -1.6236558956581348, 0.0
training, 41, 1.647797509602138, -1.1847691561494555, 0.0
validating, 41, 1.428807830810547, -0.9931253269314766, 0.0
testing, 41, 1.9850252151489258, -1.5646600861102342, 0.0
training, 42, 1.647675827571324, -1.1882964866501944, 0.0
validating, 42, 1.4291682243347168, -0.9929119139909744, 0.0
testing, 42, 1.9858266592025757, -1.558518486097455, 0.0
training, 43, 1.6481156383241926, -1.1860763877630234, 0.0
validating, 43, 1.429150104522705, -0.9213624700903893, 0.0
testing, 43, 1.9857200145721436, -1.5904123295098542, 0.0
training, 44, 1.6478363037109376, -1.2221453145021888, 0.0
validating, 44, 1.4292582035064698, -0.9929837003350258, 0.0
testing, 44, 1.985725426673889, -1.5695308346301318, 0.0
training, 45, 1.6477783237184798, -1.1814846185701233, 0.0
validating, 45, 1.4293535232543946, -0.9925699651241302, 0.0
testing, 45, 1.9859113931655883, -1.5633789394050837, 0.0
training, 46, 1.64776018006461, -1.1857155392212526, 0.0
validating, 46, 1.42942214012146, -1.1203930959105493, 0.0
testing, 46, 1.9860081315040587, -1.5690487761050462, 0.0
training, 47, 1.6478465182440623, -1.1873719266482763, 0.0
validating, 47, 1.4294588088989257, -0.9926347061991692, 0.0
testing, 47, 1.9861044764518738, -1.583128123357892, 0.0
training, 48, 1.6478529691696167, -1.2206243116940771, 0.0
validating, 48, 1.4294082164764403, -0.9928326815366745, 0.0
testing, 48, 1.9859748005867004, -1.595612259581685, 0.0
training, 49, 1.6477772917066302, -1.1876384130546025, 0.0
validating, 49, 1.4294907569885253, -0.9926337093114853, 0.0
testing, 49, 1.9860937595367432, -1.569121913984418, 0.0
training, 50, 1.647891572543553, -1.1856970997793335, 0.0
validating, 50, 1.4295482158660888, -0.9927898719906807, 0.0
testing, 50, 1.9862000703811646, -1.6225156102329492, 0.0
training, 51, 1.647876136643546, -1.188066672388553, 0.0
validating, 51, 1.4295886039733887, -0.9926925852894783, 0.0
testing, 51, 1.986263108253479, -1.5634374219924212, 0.0
training, 52, 1.647919579914638, -1.1893285264926297, 0.0
validating, 52, 1.4295698642730712, -0.9932852014899254, 0.0
testing, 52, 1.9862759828567504, -1.6544947165995836, 0.0
training, 53, 1.6479073354176113, -1.18760108639087, 0.0
validating, 53, 1.4295727729797363, -0.9929693773388862, 0.0
testing, 53, 1.9862788558006286, -1.621635826304555, 0.0
training, 54, 1.6479398965835572, -1.1973540918103287, 0.0
validating, 54, 1.4295950889587403, -0.9928165778517724, 0.0
testing, 54, 1.9863051295280456, -1.6222945917397738, 0.0
training, 55, 1.6479587997709002, -1.2203287475875446, 0.0
validating, 55, 1.4297019958496093, -0.7925159946084023, 0.0
testing, 55, 1.986542248725891, -1.5636728037148715, 0.0
training, 56, 1.6480280671800887, -1.1860971260283675, 0.0
validating, 56, 1.4297091007232665, -0.9930189415812493, 0.0
testing, 56, 1.9865586280822753, -1.6225484494119882, 0.0
training, 57, 1.648035420690264, -1.1847620220092747, 0.0
validating, 57, 1.429718017578125, -0.9925356760621071, 0.0
testing, 57, 1.9865779399871826, -1.5894564975053072, 0.0
training, 58, 1.6480371781757899, -1.1873655104211398, 0.0
validating, 58, 1.4297223091125488, -0.9930262684822082, 0.0
testing, 58, 1.9865830063819885, -1.5637408185750246, 0.0
training, 59, 1.6480360542024886, -1.1727425361318247, 0.0
validating, 59, 1.4297149181365967, -0.9932492539286614, 0.0
testing, 59, 1.9865734100341796, -1.6223170060664416, 0.0
training, 60, 1.6480397190366471, -1.1836400677050862, 0.0
validating, 60, 1.4297325134277343, -0.9927906185388565, 0.0
testing, 60, 1.9865939617156982, -1.5631207171827555, 0.0
training, 61, 1.648041762624468, -1.1828675221231562, 0.0
validating, 61, 1.429737424850464, -0.9928614482283592, 0.0
testing, 61, 1.9866084098815917, -1.5693410474807024, 0.0
training, 62, 1.64804299558912, -1.1842294177838735, 0.0
validating, 62, 1.4297353267669677, -0.9925968363881111, 0.0
testing, 62, 1.9865985274314881, -1.615994654968381, 0.0
training, 63, 1.6480474710464477, -1.1859514173652446, 0.0
validating, 63, 1.42973895072937, -0.7931950867176056, 0.0
testing, 63, 1.986614954471588, -1.6279374662786723, 0.0
training, 64, 1.6480450255530221, -1.1952672055789402, 0.0
validating, 64, 1.4297378540039063, -0.9929951086640358, 0.0
testing, 64, 1.986612069606781, -1.557476869598031, 0.0
training, 65, 1.6480426822389875, -1.185747468471527, 0.0
validating, 65, 1.4297351360321044, -0.7930638536810874, 0.0
testing, 65, 1.9865981101989747, -1.563234281912446, 0.0
training, 66, 1.648040417262486, -1.184038190969399, 0.0
validating, 66, 1.4297388076782227, -0.9932457208633423, 0.0
testing, 66, 1.986606764793396, -1.5629710901528597, 0.0
training, 67, 1.6480394056865146, -1.1855485637273107, 0.0
validating, 67, 1.429738426208496, -0.9927095115184784, 0.0
testing, 67, 1.9866066932678224, -1.5634702194482089, 0.0
training, 68, 1.6480396338871548, -1.1875310939337527, 0.0
validating, 68, 1.4297377109527587, -0.9930337190628051, 0.0
testing, 68, 1.9866076231002807, -1.5636682529002428, 0.0
training, 69, 1.6480397258486066, -1.185283818415233, 0.0
validating, 69, 1.429740047454834, -0.9932491049170494, 0.0
testing, 69, 1.9866081118583678, -1.6216228682547809, 0.0
training, 70, 1.648039552143642, -1.1854636122073445, 0.0
validating, 70, 1.4297387599945068, -1.1210231840610505, 0.0
testing, 70, 1.9866074323654175, -1.5635072965174914, 0.0
training, 71, 1.6480395930153984, -1.186313087706055, 0.0
validating, 71, 1.4297379016876222, -0.7932583048939705, 0.0
testing, 71, 1.9866079449653626, -1.5894013751298188, 0.0
training, 72, 1.6480395487376622, -1.1858232568417277, 0.0
validating, 72, 1.4297382354736328, -0.9932844698429107, 0.0
testing, 72, 1.9866077303886414, -1.6217980477958918, 0.0
training, 73, 1.6480399233954293, -1.1854525042431696, 0.0
validating, 73, 1.4297380447387695, -0.7932736992835998, 0.0
testing, 73, 1.9866088271141051, -1.5894501138478518, 0.0
training, 74, 1.6480398178100586, -1.1836963144796235, 0.0
validating, 74, 1.4297383308410645, -0.9928444564342499, 0.0
testing, 74, 1.9866092324256897, -1.5627375219017268, 0.0
training, 75, 1.6480398552758353, -1.1897156508905546, 0.0
validating, 75, 1.4297386169433595, -0.9928151443600655, 0.0
testing, 75, 1.986609649658203, -1.5571573484688996, 0.0
training, 76, 1.6480396713529315, -1.1837405813591821, 0.0
validating, 76, 1.4297379016876222, -0.9926886767148971, 0.0
testing, 76, 1.9866085648536682, -1.5633814234286547, 0.0
training, 77, 1.6480396372931345, -1.189651237853936, 0.0
validating, 77, 1.4297381401062013, -0.9929444953799248, 0.0
testing, 77, 1.986608374118805, -1.563317297771573, 0.0
training, 78, 1.6480396270751954, -1.183977266720363, 0.0
validating, 78, 1.4297388076782227, -0.9928484469652176, 0.0
testing, 78, 1.9866081118583678, -1.569210546091199, 0.0
training, 79, 1.6480391842978341, -1.1836449740188462, 0.0
validating, 79, 1.4297404289245605, -0.9929384022951127, 0.0
testing, 79, 1.9866079330444335, -1.5627283457666636, 0.0
Random seed, 3
mode, epoch, average loss, defender utility, simulated defender utility
training, -1, 0.1511948789869036, -0.30596603664952027, 0.0
validating, -1, 0.16361615657806397, -0.21106385439634323, 0.0
testing, -1, 0.14936838150024415, -0.22844968056306242, 0.0
training, 0, 1.81544372013637, -2.0215845465660096, 0.0
validating, 0, 1.8162241458892823, -1.9355440139770508, 0.0
testing, 0, 1.7733114242553711, -1.9599707782268525, 0.0
training, 1, 1.8133681910378592, -2.0186618651662553, 0.0
validating, 1, 1.809898853302002, -1.9275909066200256, 0.0
testing, 1, 1.7683526039123536, -1.956145316362381, 0.0
training, 2, 1.8066453184400286, -2.009159658636366, 0.0
validating, 2, 1.7953667163848877, -1.9119463920593263, 0.0
testing, 2, 1.7579241752624513, -1.9468592584133149, 0.0
training, 3, 1.7919163227081298, -1.9928014074053084, 0.0
validating, 3, 1.7710985660552978, -1.8933090448379517, 0.0
testing, 3, 1.738310194015503, -1.9321375370025635, 0.0
training, 4, 1.7717751094273158, -1.973809734412602, 0.0
validating, 4, 1.7650455951690673, -1.881946611404419, 0.0
testing, 4, 1.731788730621338, -1.9230707585811615, 0.0
training, 5, 1.7617906434195383, -1.965473164830889, 0.0
validating, 5, 1.7409846305847168, -1.8638519048690796, 0.0
testing, 5, 1.7122146129608153, -1.9080906510353088, 0.0
training, 6, 1.7462959289550781, -1.9524937646729605, 0.0
validating, 6, 1.7347731590270996, -1.8578813314437865, 0.0
testing, 6, 1.7053379774093629, -1.9006732404232025, 0.0
training, 7, 1.7320759807314192, -1.942452507359641, 0.0
validating, 7, 1.7065718173980713, -1.8385221719741822, 0.0
testing, 7, 1.6827415108680726, -1.883317130804062, 0.0
training, 8, 1.7131309032440185, -1.929432601588113, 0.0
validating, 8, 1.6878991603851319, -1.7660449624061585, 0.0
testing, 8, 1.6697055339813232, -1.803333431482315, 0.0
training, 9, 1.705818452153887, -1.9089514468397413, 0.0
validating, 9, 1.689915132522583, -1.8277324438095093, 0.0
testing, 9, 1.6687362432479858, -1.8694293200969696, 0.0
training, 10, 1.699239890916007, -1.902968398162297, 0.0
validating, 10, 1.6806303024291993, -1.817668604850769, 0.0
testing, 10, 1.6630567193031311, -1.7961136803030968, 0.0
training, 11, 1.685568356513977, -1.8780411056109838, 0.0
validating, 11, 1.6620969772338867, -1.6986725986003877, 0.0
testing, 11, 1.6514964699745178, -1.783147744834423, 0.0
training, 12, 1.6842735767364503, -1.8978702647345407, 0.0
validating, 12, 1.668918752670288, -1.739924669265747, 0.0
testing, 12, 1.661326241493225, -1.750995407998562, 0.0
training, 13, 1.6809859650475638, -1.8800778576305934, 0.0
validating, 13, 1.6393598556518554, -1.6187293827533722, 0.0
testing, 13, 1.6393755197525024, -1.681159007549286, 0.0
training, 14, 1.6555617843355452, -1.7809014901518823, 0.0
validating, 14, 1.6466581344604492, -1.680655825138092, 0.0
testing, 14, 1.6423454999923706, -1.6933573126792907, 0.0
training, 15, 1.6590138060706003, -1.812920743227005, 0.0
validating, 15, 1.6445353507995606, -1.5881102204322814, 0.0
testing, 15, 1.6426431775093078, -1.7410479992628098, 0.0
training, 16, 1.6601319210869925, -1.81460622719356, 0.0
validating, 16, 1.644814395904541, -1.6753818154335023, 0.0
testing, 16, 1.6386672973632812, -1.6877600617706776, 0.0
training, 17, 1.6419256448745727, -1.7224713734218053, 0.0
validating, 17, 1.6313852787017822, -1.5984623849391937, 0.0
testing, 17, 1.6267732501029968, -1.6681435358710588, 0.0
training, 18, 1.6335480349404472, -1.6942984817283495, 0.0
validating, 18, 1.6387728214263917, -1.5988518595695496, 0.0
testing, 18, 1.6387731790542603, -1.742690797150135, 0.0
training, 19, 1.6390448229653494, -1.7493917673826218, 0.0
validating, 19, 1.6092298984527589, -1.5734359622001648, 0.0
testing, 19, 1.618326234817505, -1.50601367354393, 0.0
training, 20, 1.6061406101499285, -1.4928034537072692, 0.0
validating, 20, 1.588526678085327, -1.5408458888530732, 0.0
testing, 20, 1.5978299021720885, -1.3887406408786773, 0.0
training, 21, 1.5990608419690813, -1.4644303842846835, 0.0
validating, 21, 1.5972021579742433, -1.5683320343494416, 0.0
testing, 21, 1.6099720239639281, -1.456526166200638, 0.0
training, 22, 1.59967406136649, -1.4808463179107223, 0.0
validating, 22, 1.614018201828003, -1.5767990410327912, 0.0
testing, 22, 1.6254059553146363, -1.5747498869895935, 0.0
training, 23, 1.620144408089774, -1.6398115568927356, 0.0
validating, 23, 1.6226078033447267, -1.5820659339427947, 0.0
testing, 23, 1.6315021276474, -1.5816228568553925, 0.0
training, 24, 1.6140798943383352, -1.583064604657037, 0.0
validating, 24, 1.6122984886169434, -1.5787024974822998, 0.0
testing, 24, 1.6208956122398377, -1.5409236520528793, 0.0
training, 25, 1.588889581816537, -1.417598226258737, 0.0
validating, 25, 1.5974908828735352, -1.556261795759201, 0.0
testing, 25, 1.613135862350464, -1.4981297433376313, 0.0
training, 26, 1.58099342414311, -1.365902623321329, 0.0
validating, 26, 1.584533452987671, -1.389839279651642, 0.0
testing, 26, 1.5985057473182678, -1.4207395404577254, 0.0
training, 27, 1.5776084695543562, -1.3956584321068866, 0.0
validating, 27, 1.5842175483703613, -1.3862899839878082, 0.0
testing, 27, 1.5930423498153687, -1.353179782629013, 0.0
training, 28, 1.5593122686658587, -1.3021293215525889, 0.0
validating, 28, 1.5780183792114257, -1.3021171510219574, 0.0
testing, 28, 1.5927548170089723, -1.435617870092392, 0.0
training, 29, 1.5580505439213344, -1.3064919243909896, 0.0
validating, 29, 1.5908445835113525, -1.4667566478252412, 0.0
testing, 29, 1.607571506500244, -1.4560537844896317, 0.0
training, 30, 1.5656973259789604, -1.3452624042651482, 0.0
validating, 30, 1.5886945724487305, -1.3770670115947723, 0.0
testing, 30, 1.6117147207260132, -1.4946772485971451, 0.0
training, 31, 1.5703541244779313, -1.3582802266011056, 0.0
validating, 31, 1.574979591369629, -1.3055837213993073, 0.0
testing, 31, 1.6085869550704956, -1.4947981417179108, 0.0
training, 32, 1.5331980603081838, -1.1899770708008872, 0.0
validating, 32, 1.536542797088623, -1.1897763550281524, 0.0
testing, 32, 1.5744805812835694, -1.350955680012703, 0.0
training, 33, 1.5086690596171788, -1.1502813885780987, 0.0
validating, 33, 1.534417724609375, -1.1870532274246215, 0.0
testing, 33, 1.589804971218109, -1.4555481046438217, 0.0
training, 34, 1.4877978903906686, -1.0843434889933892, 0.0
validating, 34, 1.5003382682800293, -1.0875410258769989, 0.0
testing, 34, 1.5781096696853638, -1.3828479439020156, 0.0
training, 35, 1.4826835496085031, -1.0769900352204786, 0.0
validating, 35, 1.5157349109649658, -1.1988397300243379, 0.0
testing, 35, 1.5968209505081177, -1.3870651075172418, 0.0
training, 36, 1.4696255343300955, -1.038985162388001, 0.0
validating, 36, 1.5222580432891846, -1.3183845400810241, 0.0
testing, 36, 1.5999825954437257, -1.397493952512741, 0.0
training, 37, 1.467810354913984, -0.984847961939131, 0.0
validating, 37, 1.5238656997680664, -1.1451551735401153, 0.0
testing, 37, 1.6163811683654785, -1.4713860869407653, 0.0
training, 38, 1.4718477760042463, -0.9736038527318409, 0.0
validating, 38, 1.5296186923980712, -1.1687038600444795, 0.0
testing, 38, 1.6316906452178954, -1.4052876397967338, 0.0
training, 39, 1.471144345828465, -1.017897827923298, 0.0
validating, 39, 1.5218308925628663, -1.1680920779705048, 0.0
testing, 39, 1.62895987033844, -1.5141515552997589, 0.0
training, 40, 1.469953751564026, -0.9731019433660045, 0.0
validating, 40, 1.510859489440918, -1.2645178258419036, 0.0
testing, 40, 1.6346941709518432, -1.5692047283053399, 0.0
training, 41, 1.4508001327514648, -0.9551515728168827, 0.0
validating, 41, 1.4929161071777344, -1.175748547911644, 0.0
testing, 41, 1.6217629551887511, -1.5667090237140655, 0.0
training, 42, 1.4309382098061698, -0.9492612805217504, 0.0
validating, 42, 1.4939489841461182, -1.1574381291866302, 0.0
testing, 42, 1.6054941058158874, -1.5319144248962402, 0.0
training, 43, 1.46080150944846, -0.977710871857224, 0.0
validating, 43, 1.5126524925231934, -1.027164164185524, 0.0
testing, 43, 1.6126149415969848, -1.473765517771244, 0.0
training, 44, 1.460878450529916, -0.9757263080317898, 0.0
validating, 44, 1.5194303035736083, -1.4033780217170715, 0.0
testing, 44, 1.608895218372345, -1.536391444504261, 0.0
training, 45, 1.446430230140686, -0.9172109215387276, 0.0
validating, 45, 1.515493631362915, -1.1657884299755097, 0.0
testing, 45, 1.6115451812744142, -1.5830150291323661, 0.0
training, 46, 1.4320907388414656, -0.8931796064727772, 0.0
validating, 46, 1.5125176906585693, -1.1982345163822175, 0.0
testing, 46, 1.6301699519157409, -1.5603383481502533, 0.0
training, 47, 1.4228771618434362, -0.9167924127073005, 0.0
validating, 47, 1.5498787879943847, -1.244554078578949, 0.0
testing, 47, 1.647625708580017, -1.5866895869374276, 0.0
training, 48, 1.4293197734015328, -0.8917753929316989, 0.0
validating, 48, 1.5701548099517821, -1.2586650103330612, 0.0
testing, 48, 1.6636602401733398, -1.6331642687320709, 0.0
training, 49, 1.445807307107108, -0.9433548874799661, 0.0
validating, 49, 1.5770140171051026, -1.2648081667721272, 0.0
testing, 49, 1.6862454414367676, -1.634610752761364, 0.0
training, 50, 1.4375700678144183, -0.9201229277217059, 0.0
validating, 50, 1.5403945922851563, -1.217755102366209, 0.0
testing, 50, 1.6606852769851685, -1.5800257056951523, 0.0
training, 51, 1.4461899825504847, -0.9046833450772933, 0.0
validating, 51, 1.5691757202148438, -1.3143366485834123, 0.0
testing, 51, 1.6803752422332763, -1.648087354004383, 0.0
training, 52, 1.4424920388630458, -0.8837433636064024, 0.0
validating, 52, 1.551201629638672, -1.2718906730413437, 0.0
testing, 52, 1.6576947331428529, -1.6050978615880012, 0.0
training, 53, 1.4330977950777326, -0.8790088358077668, 0.0
validating, 53, 1.5421021938323975, -1.2064992189407349, 0.0
testing, 53, 1.660619568824768, -1.6069124579429626, 0.0
training, 54, 1.4336538008281163, -0.8833696576633624, 0.0
validating, 54, 1.5449777603149415, -1.1871208615601063, 0.0
testing, 54, 1.6786183834075927, -1.6213836506009103, 0.0
Random seed, 3
mode, epoch, average loss, defender utility, simulated defender utility
training, -1, 0.1511948789869036, -0.30596603664952027, 0.0
validating, -1, 0.16361615657806397, -0.21106385439634323, 0.0
testing, -1, 0.14936838150024415, -0.22844968056306242, 0.0
training, 0, 1.81544372013637, -2.0215845465660096, 0.0
validating, 0, 1.8162241458892823, -1.9355440139770508, 0.0
testing, 0, 1.7733114242553711, -1.9599707782268525, 0.0
training, 1, 1.8133681910378592, -2.0186618651662553, 0.0
validating, 1, 1.809898853302002, -1.9275909066200256, 0.0
testing, 1, 1.7683526039123536, -1.956145316362381, 0.0
training, 2, 1.8066453184400286, -2.009159658636366, 0.0
validating, 2, 1.7953667163848877, -1.9119463920593263, 0.0
testing, 2, 1.7579241752624513, -1.9468592584133149, 0.0
training, 3, 1.7919163227081298, -1.9928014074053084, 0.0
validating, 3, 1.7710985660552978, -1.8933090448379517, 0.0
testing, 3, 1.738310194015503, -1.9321375370025635, 0.0
training, 4, 1.7717751094273158, -1.973809734412602, 0.0
validating, 4, 1.7650455951690673, -1.881946611404419, 0.0
testing, 4, 1.731788730621338, -1.9230707585811615, 0.0
training, 5, 1.7617906434195383, -1.965473164830889, 0.0
validating, 5, 1.7409846305847168, -1.8638519048690796, 0.0
testing, 5, 1.7122146129608153, -1.9080906510353088, 0.0
training, 6, 1.7462959289550781, -1.9524937646729605, 0.0
validating, 6, 1.7347731590270996, -1.8578813314437865, 0.0
testing, 6, 1.7053379774093629, -1.9006732404232025, 0.0
training, 7, 1.7320759807314192, -1.942452507359641, 0.0
validating, 7, 1.7065718173980713, -1.8385221719741822, 0.0
testing, 7, 1.6827415108680726, -1.883317130804062, 0.0
training, 8, 1.7131309032440185, -1.929432601588113, 0.0
validating, 8, 1.6878991603851319, -1.7660449624061585, 0.0
testing, 8, 1.6697055339813232, -1.803333431482315, 0.0
training, 9, 1.705818452153887, -1.9089514468397413, 0.0
validating, 9, 1.689915132522583, -1.8277324438095093, 0.0
testing, 9, 1.6687362432479858, -1.8694293200969696, 0.0
training, 10, 1.699239890916007, -1.902968398162297, 0.0
validating, 10, 1.6806303024291993, -1.817668604850769, 0.0
testing, 10, 1.6630567193031311, -1.7961136803030968, 0.0
training, 11, 1.685568356513977, -1.8780411056109838, 0.0
validating, 11, 1.6620969772338867, -1.6986725986003877, 0.0
testing, 11, 1.6514964699745178, -1.783147744834423, 0.0
training, 12, 1.6842735767364503, -1.8978702647345407, 0.0
validating, 12, 1.668918752670288, -1.739924669265747, 0.0
testing, 12, 1.661326241493225, -1.750995407998562, 0.0
training, 13, 1.6809859650475638, -1.8800778576305934, 0.0
validating, 13, 1.6393598556518554, -1.6187293827533722, 0.0
testing, 13, 1.6393755197525024, -1.681159007549286, 0.0
training, 14, 1.6555617843355452, -1.7809014901518823, 0.0
validating, 14, 1.6466581344604492, -1.680655825138092, 0.0
testing, 14, 1.6423454999923706, -1.6933573126792907, 0.0
training, 15, 1.6590138060706003, -1.812920743227005, 0.0
validating, 15, 1.6445353507995606, -1.5881102204322814, 0.0
testing, 15, 1.6426431775093078, -1.7410479992628098, 0.0
training, 16, 1.6601319210869925, -1.81460622719356, 0.0
validating, 16, 1.644814395904541, -1.6753818154335023, 0.0
testing, 16, 1.6386672973632812, -1.6877600617706776, 0.0
training, 17, 1.6419256448745727, -1.7224713734218053, 0.0
validating, 17, 1.6313852787017822, -1.5984623849391937, 0.0
testing, 17, 1.6267732501029968, -1.6681435358710588, 0.0
training, 18, 1.6335480349404472, -1.6942984817283495, 0.0
validating, 18, 1.6387728214263917, -1.5988518595695496, 0.0
testing, 18, 1.6387731790542603, -1.742690797150135, 0.0
training, 19, 1.6390448229653494, -1.7493917673826218, 0.0
validating, 19, 1.6092298984527589, -1.5734359622001648, 0.0
Random seed, 3
mode, epoch, average loss, defender utility, simulated defender utility
training, -1, 0.1511948789869036, -0.30596603664952027, 0.0
validating, -1, 0.16361615657806397, -0.21106385439634323, 0.0
testing, -1, 0.14936838150024415, -0.22844968056306242, 0.0
training, 0, 1.8153584820883615, -2.021593700136457, 0.0
validating, 0, 1.8161588668823243, -1.9352218985557557, 0.0
testing, 0, 1.7732688903808593, -1.9598422050476074, 0.0
training, 1, 1.8125503471919469, -2.0177565097808836, 0.0
validating, 1, 1.807459259033203, -1.9245177388191224, 0.0
testing, 1, 1.7664324760437011, -1.9542197048664094, 0.0
training, 2, 1.8032241889408656, -2.0051673020635334, 0.0
validating, 2, 1.7865302085876464, -1.9029802680015564, 0.0
testing, 2, 1.7505661487579345, -1.940484631061554, 0.0
training, 3, 1.779301575251988, -1.9815744536263602, 0.0
validating, 3, 1.7631315231323241, -1.8831492781639099, 0.0
testing, 3, 1.731247115135193, -1.9240716874599457, 0.0
Random seed, 3
mode, epoch, average loss, defender utility, simulated defender utility
training, -1, 0.1511948789869036, -0.30596603664952027, 0.0
validating, -1, 0.16361615657806397, -0.21106385439634323, 0.0
testing, -1, 0.14936838150024415, -0.22844968056306242, 0.0
training, 0, 1.8153584820883615, -2.021593700136457, 0.0
validating, 0, 1.8161588668823243, -1.9352218985557557, 0.0
testing, 0, 1.7732688903808593, -1.9598422050476074, 0.0
training, 1, 1.8148206165858678, -2.020973210675376, 0.0
validating, 1, 1.8129772663116455, -1.9325234770774842, 0.0
testing, 1, 1.7714788436889648, -1.957993346452713, 0.0
training, 2, 1.8105069160461427, -2.014809477329254, 0.0
validating, 2, 1.8034538269042968, -1.9211638212203979, 0.0
testing, 2, 1.763723111152649, -1.9516133308410644, 0.0
training, 3, 1.797915322440011, -2.000116126877921, 0.0
validating, 3, 1.7802915573120117, -1.9016353487968445, 0.0
testing, 3, 1.7459268808364867, -1.9364890038967133, 0.0
training, 4, 1.7683397156851632, -1.9761204447065082, 0.0
validating, 4, 1.7121456146240235, -1.8500051379203797, 0.0
testing, 4, 1.6938392639160156, -1.9055336475372315, 0.0
training, 5, 1.7017340864453996, -1.8865558964865548, 0.0
validating, 5, 1.6023804664611816, -1.3930598676204682, 0.0
testing, 5, 1.6062008380889892, -1.5550772458314897, 0.0
training, 6, 1.6135714496885027, -1.4261362210980484, 0.0
validating, 6, 1.4838395595550538, -1.0207697868347168, 0.0
testing, 6, 1.515242600440979, -1.1807126700878143, 0.0
training, 7, 1.5609527451651437, -1.2178279493536268, 0.0
validating, 7, 1.4126406192779541, -0.8200940370559693, 0.0
testing, 7, 1.485960018634796, -1.1969121888279914, 0.0
training, 8, 1.5438554661614554, -1.2397558954677412, 0.0
validating, 8, 1.3995944023132325, -0.7325855404138565, 0.0
testing, 8, 1.5147809386253357, -1.381651569530368, 0.0
training, 9, 1.5398885692868913, -1.219810855075983, 0.0
validating, 9, 1.3833580493927002, -0.7101840585470199, 0.0
testing, 9, 1.5356303215026856, -1.3987417306751013, 0.0
training, 10, 1.5526954889297486, -1.2880796355885515, 0.0
validating, 10, 1.373002004623413, -0.6586092039942741, 0.0
testing, 10, 1.611308467388153, -1.4255375280088203, 0.0
training, 11, 1.612428000995091, -1.3415692401085315, 0.0
validating, 11, 1.3783225536346435, -0.6325158432126046, 0.0
testing, 11, 1.677631402015686, -1.4319067295640706, 0.0
training, 12, 1.5598852498190743, -1.2119608029723168, 0.0
validating, 12, 1.3574232578277587, -0.6542217463254929, 0.0
testing, 12, 1.673468327522278, -1.4424197759479285, 0.0
training, 13, 1.607276143346514, -1.2773309752345086, 0.0
validating, 13, 1.4122955799102783, -0.6661170020699501, 0.0
testing, 13, 1.8044933438301087, -1.4984244029968976, 0.0
training, 14, 1.650157948902675, -1.2827016973069736, 0.0
validating, 14, 1.4416078329086304, -0.9867239460349083, 0.0
testing, 14, 1.8895448327064515, -1.5302979838103057, 0.0
Random seed, 3
mode, epoch, average loss, defender utility, simulated defender utility
training, -1, 0.1511948789869036, -0.3123123454088009, 0.0
validating, -1, 0.16361615657806397, -0.21106385439634323, 0.0
testing, -1, 0.14936838150024415, -0.22843860201537608, 0.0
training, 0, 1.8153584820883615, -2.021524478707995, 0.0
validating, 0, 1.8161588668823243, -1.9355220437049865, 0.0
testing, 0, 1.7732688903808593, -1.9597701489925385, 0.0
training, 1, 1.815206595829555, -2.0209859575544087, 0.0
validating, 1, 1.8134809494018556, -1.9331123948097229, 0.0
testing, 1, 1.7727275133132934, -1.9592167854309082, 0.0
training, 2, 1.811355209350586, -2.0166727355548315, 0.0
validating, 2, 1.8021570205688477, -1.9231622815132141, 0.0
testing, 2, 1.7649425506591796, -1.9520555913448334, 0.0
training, 3, 1.8017289774758476, -2.0057780470166886, 0.0
validating, 3, 1.7876520156860352, -1.9086369633674622, 0.0
testing, 3, 1.7515037536621094, -1.9391631424427032, 0.0
training, 4, 1.7701074532100132, -1.941317376920155, 0.0
validating, 4, 1.699808931350708, -1.7832541286945343, 0.0
testing, 4, 1.6861867427825927, -1.7719400614500045, 0.0
training, 5, 1.6909066098076957, -1.6331480971404484, 0.0
validating, 5, 1.5383300304412841, -0.963700932264328, 0.0
testing, 5, 1.5945009469985962, -1.3729229882359504, 0.0
training, 6, 1.607171446936471, -1.3676401994058065, 0.0
validating, 6, 1.433407688140869, -0.7554771274328231, 0.0
testing, 6, 1.5418481945991516, -1.215880125761032, 0.0
training, 7, 1.5747347695486886, -1.2599637177373681, 0.0
validating, 7, 1.4551376342773437, -1.0169925957918167, 0.0
testing, 7, 1.5473234057426453, -1.3099347665905952, 0.0
training, 8, 1.604582462991987, -1.292498945128006, 0.0
validating, 8, 1.5173837184906005, -0.9061584264039994, 0.0
testing, 8, 1.6013497591018677, -1.2477245658636094, 0.0
training, 9, 1.5841386113848006, -1.274286149551127, 0.0
validating, 9, 1.320521354675293, -0.5947368130087852, 0.0
testing, 9, 1.573954689502716, -1.3087908696383237, 0.0
training, 10, 1.5364221606935773, -1.2554820255092376, 0.0
validating, 10, 1.301412534713745, -0.6054612249135971, 0.0
testing, 10, 1.5789271235466003, -1.314905532076955, 0.0
training, 11, 1.5353607075554985, -1.2222542074533906, 0.0
validating, 11, 1.3442681312561036, -0.6066087737679482, 0.0
testing, 11, 1.5994871020317079, -1.4276156593114138, 0.0
training, 12, 1.5150023562567574, -1.2440938538763602, 0.0
validating, 12, 1.2797481536865234, -0.5555835623294115, 0.0
testing, 12, 1.609149944782257, -1.5451288867741824, 0.0
training, 13, 1.5482389756611414, -1.279833026658577, 0.0
validating, 13, 1.3101492881774903, -0.6903193414211273, 0.0
testing, 13, 1.7441659569740295, -1.6101596150547266, 0.0
training, 14, 1.6324021816253662, -1.3036974785608302, 0.0
validating, 14, 1.355004119873047, -0.6739570617675781, 0.0
testing, 14, 1.8664495706558228, -1.6306460838764907, 0.0
training, 15, 1.6832774366651262, -1.256243942574032, 0.0
validating, 15, 1.4110511302948, -0.6908569008111953, 0.0
testing, 15, 2.02069605588913, -1.6865654479712249, 0.0
training, 16, 1.688528278895787, -1.2886571723169513, 0.0
validating, 16, 1.3819452285766602, -0.6780090376734733, 0.0
testing, 16, 1.9990282893180846, -1.6785004194825888, 0.0
training, 17, 1.6612163952418737, -1.2687462918460368, 0.0
validating, 17, 1.3537396669387818, -0.6891142264008522, 0.0
testing, 17, 1.9168832659721375, -1.6325862277299166, 0.0
training, 18, 1.6411117383411953, -1.2313296011516026, 0.0
validating, 18, 1.4019190788269043, -0.6717668741941452, 0.0
testing, 18, 1.9964568376541139, -1.6572002220898867, 0.0
training, 19, 1.6815790040152414, -1.2414996914565564, 0.0
validating, 19, 1.3671928882598876, -0.7027152806520462, 0.0
testing, 19, 2.0333449125289915, -1.6440341871231794, 0.0
training, 20, 1.6176897968564714, -1.187342388502189, 0.0
validating, 20, 1.3755643367767334, -0.7243756622076034, 0.0
testing, 20, 2.0452804446220396, -1.6341680135577916, 0.0
training, 21, 1.6501591035297938, -1.2544812755925314, 0.0
validating, 21, 1.4035969734191895, -0.7166273340582847, 0.0
testing, 21, 2.0741246342658997, -1.6242335755378008, 0.0
training, 22, 1.6333134174346924, -1.2007742328303201, 0.0
validating, 22, 1.4428727626800537, -0.939358328282833, 0.0
testing, 22, 2.1760178804397583, -1.8580976206809283, 0.0
training, 23, 1.6719470228467668, -1.1439707807132176, 0.0
validating, 23, 1.4456178903579713, -0.9319147691130638, 0.0
testing, 23, 2.1410683751106263, -1.876975828781724, 0.0
training, 24, 1.6633286033357892, -1.156590422987938, 0.0
validating, 24, 1.4368642091751098, -0.9274186834692955, 0.0
testing, 24, 2.1329646706581116, -1.8877362299710512, 0.0
training, 25, 1.662811779975891, -1.172064488594021, 0.0
validating, 25, 1.4511873245239257, -0.9295811876654625, 0.0
testing, 25, 2.155882167816162, -1.8809471655637027, 0.0
training, 26, 1.6598776238305228, -1.1734346144965717, 0.0
validating, 26, 1.4522637128829956, -0.929637698829174, 0.0
testing, 26, 2.1551913380622865, -1.8803484994918107, 0.0
training, 27, 1.673258798463004, -1.1448476742420877, 0.0
validating, 27, 1.4468308210372924, -0.9276156589388848, 0.0
testing, 27, 2.1428906083106996, -1.8839783865958453, 0.0
training, 28, 1.6621881587164742, -1.1486277799521174, 0.0
validating, 28, 1.4549689054489137, -0.9305258333683014, 0.0
testing, 28, 2.148966300487518, -1.8625382456928492, 0.0
training, 29, 1.6655041013445173, -1.1488240967903818, 0.0
validating, 29, 1.4592476606369018, -0.9276600688695907, 0.0
testing, 29, 2.158200407028198, -1.8642427492886782, 0.0
training, 30, 1.6718816825321743, -1.1284712706293378, 0.0
validating, 30, 1.4521165847778321, -0.9249485462903977, 0.0
testing, 30, 2.1508596539497375, -1.8745948392897844, 0.0
training, 31, 1.672461121422904, -1.1469716574464526, 0.0
validating, 31, 1.4517065763473511, -0.9233884900808335, 0.0
testing, 31, 2.150696873664856, -1.8771782342344523, 0.0
training, 32, 1.660819172859192, -1.1703373487506594, 0.0
validating, 32, 1.4376698017120362, -0.9192492440342903, 0.0
testing, 32, 2.1307592153549195, -1.9150337908416986, 0.0
training, 33, 1.6571997029440744, -1.1888535294149603, 0.0
validating, 33, 1.4644498109817505, -0.9249155938625335, 0.0
testing, 33, 2.1637372970581055, -1.8924429584294558, 0.0
training, 34, 1.6813803127833775, -1.1441616051963397, 0.0
validating, 34, 1.468975877761841, -0.92427529245615, 0.0
testing, 34, 2.1703952074050905, -1.896566652134061, 0.0
training, 35, 1.6802359274455478, -1.1429665224892753, 0.0
validating, 35, 1.4689081907272339, -0.9244959220290184, 0.0
testing, 35, 2.170069718360901, -1.8966378141194582, 0.0
training, 36, 1.6793945176260812, -1.1428435531045709, 0.0
validating, 36, 1.4685918807983398, -0.9243714034557342, 0.0
testing, 36, 2.1695658802986144, -1.8977984894067048, 0.0
training, 37, 1.6788675819124494, -1.1428321299808366, 0.0
validating, 37, 1.467612624168396, -0.9242041811347008, 0.0
testing, 37, 2.1682854890823364, -1.8991844076663256, 0.0
Random seed, 3
mode, epoch, average loss, defender utility, simulated defender utility
training, -1, 0.1538980313709804, -0.34158388291086467, 0.0
validating, -1, 0.15383601188659668, -0.28906082510948183, 0.0
testing, -1, 0.14836021661758422, -0.3762069997377694, 0.0
training, 0, 1.7859656538282123, -1.9866129687854222, 0.0
validating, 0, 1.777497911453247, -1.9991900324821472, 0.0
testing, 0, 1.7495200753211975, -1.971368020772934, 0.0
training, 1, 1.7764583621706282, -1.9758177518844604, 0.0
validating, 1, 1.7538071155548096, -1.9830212831497191, 0.0
testing, 1, 1.7210872292518615, -1.9432373523712159, 0.0
training, 2, 1.7134013823100498, -1.92179171868733, 0.0
validating, 2, 1.6155000686645509, -1.8265217185020446, 0.0
testing, 2, 1.5748445391654968, -1.7923722386360168, 0.0
training, 3, 1.4114777599062238, -1.1128968678414821, 0.0
validating, 3, 1.1910497188568114, -0.7960776388645172, 0.0
testing, 3, 1.16300687789917, -0.7219145749695599, 0.0
training, 4, 1.1191510098321098, -0.6151629041880369, 0.0
validating, 4, 0.9730221271514893, -0.8160903066396713, 0.0
testing, 4, 1.0538530826568604, -0.7150586166419088, 0.0
training, 5, 1.225713348388672, -0.6253862970408928, 0.0
validating, 5, 1.145257306098938, -0.8048195347189904, 0.0
testing, 5, 1.3462044715881347, -0.8076085877604783, 0.0
training, 6, 1.5299440452030726, -0.6452100951224565, 0.0
validating, 6, 1.385448694229126, -1.0793032214045524, 0.0
testing, 6, 1.6469977617263794, -0.7819650718010962, 0.0
training, 7, 2.0426963567733765, -0.6304358737845461, 0.0
validating, 7, 1.9224297285079956, -1.0845044359564782, 0.0
testing, 7, 2.3275918483734133, -0.7819590502418577, 0.0
training, 8, 2.4712764842169626, -0.7089969976406012, 0.0
validating, 8, 2.249049949645996, -0.8554695948958397, 0.0
testing, 8, 2.7770284533500673, -0.7032775280065835, 0.0
training, 9, 3.1401229994637627, -0.7042641706232514, 0.0
validating, 9, 2.1290043354034425, -0.8475606679916382, 0.0
testing, 9, 2.697805106639862, -0.987245446164161, 0.0
training, 10, 3.096158981323242, -0.7217816844050373, 0.0
validating, 10, 2.5847183227539063, -1.0548246577382088, 0.0
testing, 10, 3.0971330761909486, -0.7047736142762006, 0.0
training, 11, 3.1950360366276334, -0.6929773630308254, 0.0
validating, 11, 2.657638168334961, -1.0517581656575203, 0.0
testing, 11, 3.241285836696625, -0.8171236653812229, 0.0
training, 12, 3.5074023962020875, -0.6222647352942399, 0.0
validating, 12, 2.810789918899536, -1.0468301936984061, 0.0
testing, 12, 3.512461817264557, -0.7073826902545989, 0.0
training, 13, 3.7158229827880858, -0.6820720639079809, 0.0
validating, 13, 2.58270583152771, -1.0445272848010063, 0.0
testing, 13, 3.4002775311470033, -0.9910124220885337, 0.0
training, 14, 4.118456172943115, -0.6678651746362447, 0.0
validating, 14, 3.376010465621948, -1.0301047518849373, 0.0
testing, 14, 4.226857376098633, -0.9482877575792372, 0.0
training, 15, 4.31773407799857, -0.6292837229690381, 0.0
validating, 15, 3.380925989151001, -1.0314122840762139, 0.0
testing, 15, 4.240519547462464, -0.9600018684752285, 0.0
training, 16, 4.3362683398383, -0.6342778749763965, 0.0
validating, 16, 3.421967649459839, -1.0307181194424628, 0.0
testing, 16, 4.300668740272522, -0.9619498156942428, 0.0
training, 17, 4.355411648750305, -0.6234289399747338, 0.0
validating, 17, 3.3581603527069093, -1.028286524116993, 0.0
testing, 17, 4.261496353149414, -0.8282509011216461, 0.0
training, 18, 4.339788021360125, -0.6277203110179731, 0.0
validating, 18, 3.3461190700531005, -1.0286764577031136, 0.0
testing, 18, 4.27235426902771, -0.9641807996667922, 0.0
training, 19, 4.378053028242928, -0.6244788819657905, 0.0
validating, 19, 3.4228866577148436, -1.0285985633730887, 0.0
testing, 19, 4.348766231536866, -0.9610184860415757, 0.0
training, 20, 4.447818333762033, -0.6127849628882749, 0.0
validating, 20, 3.369987630844116, -1.0262412503361702, 0.0
testing, 20, 4.331880795955658, -0.9629239582456648, 0.0
training, 21, 4.433209003720965, -0.624665085545608, 0.0
validating, 21, 3.426418733596802, -1.0688833430409432, 0.0
testing, 21, 4.383177959918976, -0.8261932604946196, 0.0
training, 22, 4.426832645280021, -0.6107540288673979, 0.0
validating, 22, 3.407440423965454, -1.0275048896670342, 0.0
testing, 22, 4.380372726917267, -0.9622800626792014, 0.0
training, 23, 4.506529951095581, -0.6829748463417803, 0.0
validating, 23, 3.503650760650635, -1.069735737144947, 0.0
testing, 23, 4.4480402827262875, -0.6930434499867261, 0.0
training, 24, 4.516654079301016, -0.6518186385610274, 0.0
validating, 24, 3.460471773147583, -1.0247326090931892, 0.0
testing, 24, 4.441729712486267, -0.9570509159006179, 0.0
training, 25, 4.512722430910383, -0.6365594272102628, 0.0
validating, 25, 3.4347742557525636, -1.024135871231556, 0.0
testing, 25, 4.440901732444763, -0.9586818390525877, 0.0
Random seed, 3
mode, epoch, average loss, defender utility, simulated defender utility
training, -1, 0.1538980313709804, -0.34251460645880016, 0.0
validating, -1, 0.15383601188659668, -0.28898200392723083, 0.0
testing, -1, 0.14836021661758422, -0.37618937166407707, 0.0
training, 0, 1.7859656538282123, -1.986536422797612, 0.0
validating, 0, 1.777497911453247, -1.9992979645729065, 0.0
testing, 0, 1.7495200753211975, -1.9713720619678496, 0.0
training, 1, 1.7764307158333914, -1.9777886952672685, 0.0
validating, 1, 1.753072690963745, -1.984868860244751, 0.0
testing, 1, 1.7242071509361268, -1.9533843874931336, 0.0
training, 2, 1.7098396233149937, -1.8390810694013322, 0.0
validating, 2, 1.6072895526885986, -1.50116907954216, 0.0
testing, 2, 1.5756137013435363, -1.4674520432949065, 0.0
training, 3, 1.4202970232282366, -0.9448874610875334, 0.0
validating, 3, 1.2020185470581055, -0.7885756880044937, 0.0
testing, 3, 1.1810783743858337, -0.7303538610227406, 0.0
training, 4, 1.1121308837618147, -0.5758476893284491, 0.0
validating, 4, 0.9866981029510498, -0.6284819602966308, 0.0
testing, 4, 1.018416666984558, -0.5496306148357689, 0.0
training, 5, 1.0816049098968505, -0.5513170667524848, 0.0
validating, 5, 1.0126493215560912, -0.7112257868051529, 0.0
testing, 5, 1.1150335907936095, -0.7735747543163598, 0.0
training, 6, 1.2029410634722029, -0.655124641848462, 0.0
validating, 6, 1.1619541645050049, -0.9399608299136162, 0.0
testing, 6, 1.3690502166748046, -0.7596939929760993, 0.0
training, 7, 1.592225820677621, -0.6528265043560948, 0.0
validating, 7, 1.372852349281311, -0.7334560699760914, 0.0
testing, 7, 1.7126703977584838, -0.7943725385703146, 0.0
training, 8, 2.1591829027448384, -0.7163425076752901, 0.0
validating, 8, 1.8225028276443482, -1.038800336420536, 0.0
testing, 8, 2.3271724462509153, -0.7883792762644589, 0.0
training, 9, 2.5742206266948156, -0.6389975124437894, 0.0
validating, 9, 2.1177704334259033, -1.0336523726582527, 0.0
testing, 9, 2.6728875279426574, -0.7109223012812436, 0.0
training, 10, 2.9529880830219812, -0.7034316889409508, 0.0
validating, 10, 2.5377824306488037, -1.0355718806385994, 0.0
testing, 10, 3.113716733455658, -0.6931656290777027, 0.0
training, 11, 3.307307873453413, -0.7230780678668193, 0.0
validating, 11, 2.5961421966552733, -1.0307053230702876, 0.0
testing, 11, 3.330301487445831, -0.7149800543673337, 0.0
training, 12, 3.7769758428846085, -0.7377617247934852, 0.0
validating, 12, 3.0848177909851073, -0.9672976687550545, 0.0
testing, 12, 3.885166680812836, -0.8277083446271718, 0.0
training, 13, 4.441776786531721, -0.7586677466652223, 0.0
validating, 13, 3.469384860992432, -0.9515582278370858, 0.0
testing, 13, 4.338293671607971, -0.9686953087337316, 0.0
training, 14, 4.325464722088405, -0.8366904737693923, 0.0
validating, 14, 3.4053462028503416, -0.935558195412159, 0.0
testing, 14, 4.34762213230133, -0.8005016152746975, 0.0
training, 15, 4.404643501554217, -0.7441270487116916, 0.0
validating, 15, 3.4148807525634766, -0.9193238452076912, 0.0
testing, 15, 4.367464363574982, -0.8291705806739629, 0.0
training, 16, 4.51277882712228, -0.7380779253052814, 0.0
validating, 16, 3.450026845932007, -0.8855503991246223, 0.0
testing, 16, 4.422926723957062, -0.8299300645478069, 0.0
training, 17, 4.512210644994464, -0.7381566519927762, 0.0
validating, 17, 3.3817201137542723, -0.9151409819722176, 0.0
testing, 17, 4.375750410556793, -0.7073493693955243, 0.0
training, 18, 4.500197151729039, -0.7271585854568652, 0.0
validating, 18, 3.3341025829315187, -0.9146693423390388, 0.0
testing, 18, 4.3668254017829895, -0.7108566378243267, 0.0
training, 19, 4.47158568586622, -0.7298953493258783, 0.0
validating, 19, 3.3428531169891356, -0.9117254450917244, 0.0
testing, 19, 4.3823619961738585, -0.7108790163882077, 0.0
training, 20, 4.528677361352103, -0.7465074598257031, 0.0
validating, 20, 3.4059776306152343, -0.9115705206990242, 0.0
testing, 20, 4.4367346405982975, -0.7097115431912243, 0.0
training, 21, 4.551257848739624, -0.7431430453168494, 0.0
validating, 21, 3.451717233657837, -0.9078354075551033, 0.0
testing, 21, 4.459311068058014, -0.7027360473759472, 0.0
training, 22, 4.581537117276873, -0.7387580413371324, 0.0
validating, 22, 3.456780195236206, -0.9004024222493172, 0.0
testing, 22, 4.477866542339325, -0.7043135677464306, 0.0
training, 23, 4.604875758716038, -0.7515496767525162, 0.0
validating, 23, 3.538959789276123, -0.8975383952260018, 0.0
testing, 23, 4.568057596683502, -0.8322936122305691, 0.0
training, 24, 4.693809482029506, -0.7978396778127976, 0.0
validating, 24, 3.5782633781433106, -0.8905663922429085, 0.0
testing, 24, 4.621185624599457, -0.8313495089299977, 0.0
training, 25, 4.732404473849705, -0.7985795346221753, 0.0
validating, 25, 3.607100248336792, -0.8948476031422615, 0.0
testing, 25, 4.656881487369537, -0.829552969802171, 0.0
training, 26, 4.752517982891628, -0.7991751228592225, 0.0
validating, 26, 3.597044515609741, -0.8240555003285408, 0.0
testing, 26, 4.653037178516388, -0.8316302840597928, 0.0
training, 27, 4.74834612097059, -0.7992633858961719, 0.0
validating, 27, 3.6035695552825926, -0.8233550503849983, 0.0
testing, 27, 4.660821378231049, -0.8317327325232327, 0.0
training, 28, 4.756392414229257, -0.7993164781481028, 0.0
validating, 28, 3.606691026687622, -0.8235333874821663, 0.0
testing, 28, 4.66538108587265, -0.831674610543996, 0.0
training, 29, 4.752704354694911, -0.8022352773696184, 0.0
validating, 29, 3.599324655532837, -0.8224306777119637, 0.0
testing, 29, 4.6614434838294985, -0.8318694834597409, 0.0
training, 30, 4.74858490398952, -0.8022250296281916, 0.0
validating, 30, 3.588450860977173, -0.8219260409474373, 0.0
testing, 30, 4.652944076061249, -0.8322290127165616, 0.0
training, 31, 4.744958710670471, -0.8021822158247233, 0.0
validating, 31, 3.5910491943359375, -0.8213637784123421, 0.0
testing, 31, 4.655672252178192, -0.8324519370682537, 0.0
training, 32, 4.741814064979553, -0.8022569108754396, 0.0
validating, 32, 3.5854310512542726, -0.8211087182164192, 0.0
testing, 32, 4.651767432689667, -0.8321335618384182, 0.0
training, 33, 4.742986389568874, -0.8022377373384578, 0.0
validating, 33, 3.588546562194824, -0.8211225226521492, 0.0
testing, 33, 4.6544728636741635, -0.8322253470309079, 0.0
training, 34, 4.745231206076486, -0.8022036245358842, 0.0
validating, 34, 3.5826220512390137, -0.8207479670643807, 0.0
testing, 34, 4.651286566257477, -0.831961074937135, 0.0
training, 35, 4.735526854651315, -0.7806416964424508, 0.0
validating, 35, 3.5725059509277344, -0.820044369995594, 0.0
testing, 35, 4.643567955493927, -0.8318079178221524, 0.0
training, 36, 4.738226890563965, -0.7805764687380621, 0.0
validating, 36, 3.5803513526916504, -0.8198338940739631, 0.0
testing, 36, 4.650990068912506, -0.831844297517091, 0.0
training, 37, 4.745233069147383, -0.7930018544463174, 0.0
validating, 37, 3.588634204864502, -0.820339460670948, 0.0
testing, 37, 4.655576026439666, -0.831593317259103, 0.0
training, 38, 4.745267541067941, -0.7930669341236353, 0.0
validating, 38, 3.588149976730347, -0.8203458026051521, 0.0
testing, 38, 4.655395495891571, -0.8315572802908718, 0.0
training, 39, 4.745821370397295, -0.7929997169013534, 0.0
validating, 39, 3.5885005474090574, -0.8202861979603767, 0.0
testing, 39, 4.65593923330307, -0.8315480654127896, 0.0
training, 40, 4.7457334995269775, -0.7930175167641469, 0.0
validating, 40, 3.5880075454711915, -0.8201809123158454, 0.0
testing, 40, 4.6557727456092834, -0.8315477554686368, 0.0
training, 41, 4.7459988730294365, -0.7931156270738159, 0.0
validating, 41, 3.587936544418335, -0.8201451733708381, 0.0
testing, 41, 4.655665576457977, -0.8315296445973217, 0.0
training, 42, 4.745661010060991, -0.7930847889078515, 0.0
validating, 42, 3.588043546676636, -0.8200908377766609, 0.0
testing, 42, 4.655896008014679, -0.831549194920808, 0.0
training, 43, 4.745800522395543, -0.7930724652217968, 0.0
validating, 43, 3.588041830062866, -0.8200177863240242, 0.0
testing, 43, 4.656119215488434, -0.8315243546850979, 0.0
training, 44, 4.745992994308471, -0.79302836331938, 0.0
validating, 44, 3.58785457611084, -0.8200273469090462, 0.0
testing, 44, 4.65609096288681, -0.8315221791155636, 0.0
training, 45, 4.74611976487296, -0.7930941983525243, 0.0
validating, 45, 3.5881351947784426, -0.8199776366353035, 0.0
testing, 45, 4.656309378147125, -0.8315187935717404, 0.0
training, 46, 4.746041798591614, -0.7931230193270105, 0.0
validating, 46, 3.5879677295684815, -0.8199236586689949, 0.0
testing, 46, 4.656216657161712, -0.8314738874323666, 0.0
training, 47, 4.746925456183297, -0.7929865139403514, 0.0
validating, 47, 3.5893484592437743, -0.8198656514286995, 0.0
testing, 47, 4.657460033893585, -0.8315216545946896, 0.0
training, 48, 4.747506117820739, -0.7930242082370179, 0.0
validating, 48, 3.5896898746490478, -0.819877190887928, 0.0
testing, 48, 4.6579548716545105, -0.8315358047373593, 0.0
training, 49, 4.747692612239293, -0.7930546902652298, 0.0
validating, 49, 3.589690351486206, -0.8198785737156868, 0.0
testing, 49, 4.657960593700409, -0.8315269743092358, 0.0
training, 50, 4.747726150921413, -0.7930328223854304, 0.0
validating, 50, 3.589708852767944, -0.8198744729161263, 0.0
testing, 50, 4.6579853892326355, -0.8315241639502347, 0.0
training, 51, 4.747802856990269, -0.793054496763008, 0.0
validating, 51, 3.58978214263916, -0.8198652938008308, 0.0
testing, 51, 4.658066165447235, -0.8315317128784955, 0.0
training, 52, 4.747811535426549, -0.7930285889655352, 0.0
validating, 52, 3.5898086071014403, -0.8198655560612679, 0.0
testing, 52, 4.658096969127655, -0.8315361832268536, 0.0
training, 53, 4.747843251909528, -0.792987318496619, 0.0
validating, 53, 3.5898343563079833, -0.819868440926075, 0.0
testing, 53, 4.658128488063812, -0.8315117959864438, 0.0
training, 54, 4.747864828790937, -0.7929508462016072, 0.0
validating, 54, 3.589863157272339, -0.8198708966374397, 0.0
testing, 54, 4.65814288854599, -0.8315375511534512, 0.0
training, 55, 4.747899893351963, -0.7930274765938521, 0.0
validating, 55, 3.5898577690124513, -0.8198618605732918, 0.0
testing, 55, 4.658154213428498, -0.8314951424486935, 0.0
training, 56, 4.747877849851336, -0.7930569095270974, 0.0
validating, 56, 3.5897825717926026, -0.8198566392064095, 0.0
testing, 56, 4.658113753795623, -0.8315276150591672, 0.0
training, 57, 4.7478444916861395, -0.7930542532354593, 0.0
validating, 57, 3.589750576019287, -0.8198515370488166, 0.0
testing, 57, 4.658109295368194, -0.8315269236452878, 0.0
training, 58, 4.747879116875785, -0.7930346658719437, 0.0
validating, 58, 3.5898277282714846, -0.8198501780629158, 0.0
testing, 58, 4.6581832528114315, -0.8315232996828854, 0.0
training, 59, 4.74795469556536, -0.7930449335170644, 0.0
validating, 59, 3.5898584842681887, -0.8198521569371223, 0.0
testing, 59, 4.658224999904633, -0.8315364663489163, 0.0
training, 60, 4.747967141015189, -0.7930349100381135, 0.0
validating, 60, 3.5898563861846924, -0.8198518469929695, 0.0
testing, 60, 4.658222877979279, -0.8315354947932064, 0.0
training, 61, 4.7479665619986395, -0.7929915572383575, 0.0
validating, 61, 3.589855432510376, -0.8198517754673957, 0.0
testing, 61, 4.6582223773002625, -0.8315347556956112, 0.0
training, 62, 4.747968299048288, -0.7930511528359993, 0.0
validating, 62, 3.5898585319519043, -0.819851465523243, 0.0
testing, 62, 4.658224904537201, -0.8315297489054501, 0.0
training, 63, 4.747969722747802, -0.7930311130093677, 0.0
validating, 63, 3.5898591041564942, -0.819851441681385, 0.0
testing, 63, 4.658225429058075, -0.8315247897990048, 0.0
training, 64, 4.747967559950692, -0.7930875343403646, 0.0
validating, 64, 3.589855432510376, -0.8198510363698006, 0.0
testing, 64, 4.658223044872284, -0.8315269474871456, 0.0
training, 65, 4.747965584482466, -0.793008937101279, 0.0
validating, 65, 3.5898532390594484, -0.8198508217930793, 0.0
testing, 65, 4.658221113681793, -0.8315273915417493, 0.0
training, 66, 4.747965795653207, -0.7930650099579777, 0.0
validating, 66, 3.5898539543151857, -0.8198511555790902, 0.0
testing, 66, 4.658222544193268, -0.8315233414061367, 0.0
training, 67, 4.747965444837297, -0.7930344510823488, 0.0
validating, 67, 3.589852046966553, -0.8198509886860847, 0.0
testing, 67, 4.658220517635345, -0.8315099363215268, 0.0
training, 68, 4.7479640517916, -0.7929642159491778, 0.0
validating, 68, 3.5898510932922365, -0.8198507741093636, 0.0
testing, 68, 4.658221018314362, -0.8314895217306912, 0.0
training, 69, 4.747964715957641, -0.793054036423564, 0.0
validating, 69, 3.5898523807525633, -0.8198509886860847, 0.0
testing, 69, 4.658221638202667, -0.8315267627127468, 0.0
training, 70, 4.747963087899344, -0.7930573920586279, 0.0
validating, 70, 3.5898500442504884, -0.8198507741093636, 0.0
testing, 70, 4.658220636844635, -0.8314960365183651, 0.0
training, 71, 4.747962270464216, -0.7930191360946213, 0.0
validating, 71, 3.5898498058319093, -0.8198512747883797, 0.0
testing, 71, 4.658219945430756, -0.8314899985678494, 0.0
training, 72, 4.7479619877679005, -0.7930061324898686, 0.0
validating, 72, 3.589849042892456, -0.8198505356907845, 0.0
testing, 72, 4.65821875333786, -0.8315338675864041, 0.0
training, 73, 4.747962072917393, -0.7930152239011866, 0.0
validating, 73, 3.5898504734039305, -0.8198508933186531, 0.0
testing, 73, 4.658219063282013, -0.8315303687937557, 0.0
training, 74, 4.747962120601109, -0.7930447076580354, 0.0
validating, 74, 3.589849090576172, -0.8198509410023689, 0.0
